Sentence,label,label_id
ቋቅ አለው,Idiom,0
በጨው ደንደስ በርበሬ ተወደስ,Idiom,0
ግራ ሆነብኝ,Idiom,0
ከመቼውም ይልቅ ይፋጠናል,Literal ,1
ተስፋም አግኝቻለሁ,Literal ,1
ሰመር ያዘ,Idiom,0
እንጠይቅ,Literal ,1
አይኑ ታወከ,Idiom,0
መጭ አለ,Idiom,0
ህገ መንግስት,Literal ,1
የልጅ አመሳሶ የለውም,Idiom,0
ትልቅ አቅም የሚፈጥር,Literal ,1
የሚስት መናኝ የእናት አገር ለማኝ,Proverb,2
ሁለት ሞት መጣ ቢለው አንዱን ግባ በለው አለ,Proverb,2
ያይን ቆብ,Idiom,0
ቤተ መንግስት,Literal ,1
ከአንድ ወንዝ የተቀዱ,Idiom,0
በነቂስ ወጣ,Idiom,0
የምድር ጉድ,Idiom,0
ከአንጀት ካለቀሱ እንባ አይገድም,Proverb,2
ባጠፌታ እንዲከፍሉዋቸዉ,Literal ,1
አንደበቱ ረታ,Idiom,0
ፊቷ ሳይለዋወጥ ትክ ብላ አየችኝ,Literal ,1
አሰለጥ ሌባ,Idiom,0
ምርጫ ጣቢያ,Literal ,1
አቅማችሁን ማዳበር ትችላላችሁ,Literal ,1
ምንኛ ጠግበሀል,Idiom,0
መንግስት,Literal ,1
የሚል ፍርሃት,Literal ,1
መብቱ ለማስከበር,Literal ,1
ደረቅ እግር,Idiom,0
መሬቱ ተርቧል,Idiom,0
ተክፋ ጎረቤት አይሰሩም ደህና ቤት,Proverb,2
አላቂ እቃ,Idiom,0
ነገር ካንሺው ስጋ ከጠባሺው,Proverb,2
ቃሉን ነቀለ,Idiom,0
ያስችልህ,Idiom,0
እየቆሉ ጥሬ,Proverb,2
ይህ ዓይነቱ,Literal ,1
የግል ንጽህና,Literal ,1
ለሰው ሞት አነሰው,Proverb,2
ሸማ በውሀ ሰው በንስሀ,Proverb,2
በሌ ስል ነበር,Idiom,0
ቅዱስ ባለጌ አለ,Idiom,0
ሀብቶች ተጨፍጭፈዋል,Literal ,1
ኮንዲሚንየም,Literal ,1
ዝም አሰኘ,Idiom,0
መሰረታዊ ግእዝ,Literal ,1
የረጋ ወተት ቅቤ ይወጣዋል,Proverb,2
ሰባራ ስንጥር,Idiom,0
የነገ ሰው ይበለን,Literal ,1
በሚረብሽ ሽታ,Literal ,1
በዚህ ስዓት,Literal ,1
ጆሮውን ጠለዘው,Idiom,0
ባሕርይ አምላክ,Literal ,1
ክብርና ገሰሰ,Idiom,0
እበትም ትል ይወልዳል,Proverb,2
የደሀ እንባ,Idiom,0
ተጠንቀቁ,Literal ,1
እንባ ጠባቂ,Idiom,0
ባለጸጋ ያደርጋል,Literal ,1
የሽሮ ድንፋታ አስኪቀርብ ድረስ,Proverb,2
ውሀውም እንዳይደርቅ አሳውም እንዳያልቅ አድርጎ ነው እርቅ,Proverb,2
የጉም ጅብ,Idiom,0
ሙት ለሙት ያለቅሳል,Idiom,0
አሸናው,Idiom,0
ይዞ የተፈጠረዉ,Literal ,1
ሲፈራ ሲቸር ነው,Idiom,0
ጅብ አፍ,Idiom,0
ጡር ደረሰበት,Idiom,0
አስከሬናቸዉ ተማርኮ,Literal ,1
ለኔ አስፈላጊ አደለም,Literal ,1
ጁድ አረገዘ,Idiom,0
ተራው የእናንተ ነው,Literal ,1
አምባጓሮ አነሳ,Idiom,0
ኮሶ ፊት,Idiom,0
ሞት በጥር በነሀሴ መቃብር,Proverb,2
የሌባ አይነደረቅ መልሶ ልብ ያደርቅ,Proverb,2
ቅና ያለው በአባቱ ከረባት ይቀናል,Proverb,2
የቁም አስር,Idiom,0
እድለኛ ነኝ,Literal ,1
ምድር አስጋጠ,Idiom,0
ልታየዉ የማትችለዉን,Literal ,1
ልቡ ተረጋጋ,Idiom,0
እርም ያድርግብኝ,Idiom,0
በህገ-መንግስቱ መሰረት,Literal ,1
በገነተ ፅጌ,Literal ,1
የስጦታ ፈረስ ጥርሱ አይታይም,Proverb,2
ብረትን መቀጥቀጥ እንደጋለ ነው,Literal ,1
ሰው አየ,Idiom,0
ለነዚህ ልጄን አይሰጥም,Literal ,1
ያህያ ቀበጥ ከጅብ ጡት ይጣባል,Proverb,2
በሳምንት ዉስጥ,Literal ,1
ችግር አይቼ,Literal ,1
ባለቤት ካልጮኸ ጎረቤት አይረዳም,Proverb,2
ወታደራዊ የመረጃ ምንጮች ገልጸዋል,Literal ,1
አረቄ ወገብ,Idiom,0
በመላ ሂድ,Idiom,0
የተለያየ  ሰዎችን ናቸው,Literal ,1
ቀጥኜ ቢያዩኝ ጅማት ለመኑኝ,Idiom,0
በጥበብ መምራት,Literal ,1
አንጀት በጣሽ,Idiom,0
ካፒታል ገበያ ባለስልጣን,Literal ,1
አይነስረውም,Idiom,0
እጣዬ ሆኖ,Idiom,0
ምርዝ አደረገ,Idiom,0
ስራ እንዲሰሩ ይገፋፍዎታል,Literal ,1
አክንባሎ ሰበረ,Idiom,0
ዘር ከልጓም ይስባል,Proverb,2
ትንሽ ዕውቀት,Literal ,1
መገዘዝ ፊት,Idiom,0
አንጀቱ ቆረጠ,Idiom,0
መናገር ብር ነው,Proverb,2
የኢንቨስትመንት ኮሚሽን,Literal ,1
ሰረገላ ቁልፍ,Idiom,0
ምን እዳዬ,Idiom,0
ሀሳብና መንገድ ማለቂያ የለውም,Proverb,2
መጥፎ እሴቶች,Literal ,1
ማጭድ እግር,Idiom,0
ልጓም ጣሰ,Idiom,0
ትዳሩ ሞቀ,Idiom,0
የምታምር አንዲር,Literal ,1
ራሱን አዞረው,Idiom,0
የአጋርነት ስምምነት,Literal ,1
ዝም ብለን ቆይተን,Literal ,1
የመኪናዉን ሞተር,Literal ,1
ያለበት አይደለም,Literal ,1
የሞኝ ምስጋና የግንቦት ደመና,Proverb,2
ሹም ያዛል ቄስ ይናዝዛል,Proverb,2
ቅፍፍፍ የሚል ስሜት ዋጠኝ,Literal ,1
የኮራ ዳሌ,Idiom,0
ላህያ ፈስ ኣፍንጫ ኣይዙለትም,Proverb,2
ቆቡን ቀደደ,Idiom,0
የብረት ልጥ,Idiom,0
አንገቱን ደፋ,Idiom,0
በሩቅ ባሕር ውስጥ,Literal ,1
መንግጎ ወሰደ,Idiom,0
እጅህ ከምን,Idiom,0
ሚስጥራዊ ሰነዶች,Literal ,1
ልበ ባህር,Idiom,0
ሰው ያወቀው ጸሀይ የሞቀው,Idiom,0
በጥፊ ወለወለው,Idiom,0
አቅምህን ሳታባክን,Literal ,1
መልካም ስም ከመልካም ሽቶ ይበልጣል,Proverb,2
ለመወጣት ባለው ቁርጠኝነት,Literal ,1
አዲስ ተስፋ,Literal ,1
የኦርቶዶክስ አማኝ ነን,Literal ,1
የባሰ አለና አገርህን አትልቀቅ,Proverb,2
ሆን ብሎ,Idiom,0
ወግ አጥባቂ,Idiom,0
ከፍተኛ ባለስልጣናት,Literal ,1
አንድ ኡስታዝ ነኝ,Literal ,1
እሳት የላሰው,Idiom,0
ጾታዊ ጥቃት,Literal ,1
ውሀን መመለስ ወደ ሌላ ማፍሰስ,Proverb,2
ነገረኛ ታሞ አይተኛ,Proverb,2
ክፍል ስምንት,Literal ,1
ሁለት አፎች ባይናከሱ ይናቀሱ,Proverb,2
ለአፋ ለከት የለውም,Proverb,2
የደምበኛ ልጅ,Idiom,0
አፍራ ያለው ማሽላ ተኝቶ ያፈራል,Proverb,2
ጨረቃ ሲጠፋ ኮከብ አባወራ ይሆናል,Proverb,2
ረሳ,Idiom,0
ከእለታት መሀል,Literal ,1
ቀላዋጭ ወጥ ያውቃል,Proverb,2
መኝታ ቤት,Literal ,1
አቅማችን እንዲጨምር,Literal ,1
ለቅሶውን አልሰሙም ነበር,Literal ,1
እግረ እርጥብ,Idiom,0
ግፍ ሰራ,Idiom,0
አእምሮ ገዛ,Idiom,0
ሰው መዘርጠጥ ይወዳል,Idiom,0
ምን ቢፋቀሩ አብረው አይቀበሩ,Proverb,2
አሳቡን ሚያከብሩለት,Literal ,1
በቅሎ ግዙ ግዙ አሞሌ ላያግዙ,Proverb,2
ምድር ደህና ዋይ አለ,Idiom,0
ዉሻ በቸው የማይቀምሰው,Idiom,0
ሆደ ቅሪት,Idiom,0
በታጠቁ አካላት,Literal ,1
የሽንብራ አፍንጫ,Idiom,0
መንፈሳዊ ዝግጅት,Literal ,1
መንገድ መታው,Idiom,0
ይሄ ሃቅ ነው,Literal ,1
ምን ገደደኝ,Idiom,0
ደንጊያ ተሸከመ,Idiom,0
እንዝርት ቂጥ,Idiom,0
የእንጀራ አባት,Idiom,0
መልካም ስም ከመቃብር በላይ ይውላል,Proverb,2
ሰኔ ነግ በኔ,Idiom,0
አብራችሁን  መስራት የምትፈልጉ,Literal ,1
አይኑን ወረወረ,Idiom,0
መንፈስ ቅዱስ,Literal ,1
የኢትዮጵያ ስፔስ,Literal ,1
ነገረኛ ሰዉ,Literal ,1
ዋስ ሁነኝ አለ,Literal ,1
የምዝገባ ቀን ከዛሬ ጀምሮ,Literal ,1
ቅዳሴ ታጎለ,Idiom,0
ያለ አግባብ,Literal ,1
የትውልድ ዘመነ,Literal ,1
አተርፍ ባይ አጉዳይ,Proverb,2
ዘመዱን ያማ እራሱ ገማ,Proverb,2
በእውነት አልቆመም,Literal ,1
ያለ አንድ የላት ጥርስ በዘነዘና ትነቀስ,Proverb,2
የአይን ምሳ,Idiom,0
ሀገር ኢትዮጵያ,Literal ,1
የማህበራዊ,Literal ,1
አለዳኛ አይከሱ አለጥርስ አይነክሱ,Proverb,2
ዘላለም ሀብተ ሰባራ እንደሆነ ይኖራል,Idiom,0
ነፍሰ ጡር,Idiom,0
ቆራጭ ፈላጭ,Idiom,0
ሃይማኖቱን በነጻነት እንዳያካሂድ,Literal ,1
የማህበረሰብ ተሳትፎን,Literal ,1
ውድድርን ለማሸነፍ ነው,Literal ,1
ይህች ባቄላ ያደረች እንደሆን አትቆረጠምም,Proverb,2
ወንጀል ሰራ,Literal ,1
ማጣትን ለመቀነስ,Literal ,1
ከባለቤት አንደበት,Proverb,2
በሆነ ቀን,Literal ,1
ጥሩምባህን አትንፋ,Idiom,0
የህዝብን ደም መፋሰስ,Literal ,1
ታጋሽ መሆኑ,Literal ,1
ልበ ቆራጥ,Idiom,0
የችግሩ ገፈት ቀማሾች,Literal ,1
ውሀ ጭስ ክፋ ሴት ሰውን ያበራሉ ከቤት,Proverb,2
አለም ተልባ ነው ይንሸራተታል,Proverb,2
እንድትሆኑ,Literal ,1
ኢንፎርሜሽን ቴክኖሎጅ,Literal ,1
ዝርዝር ምስክር,Idiom,0
ዉቃቢ ቀረበው,Idiom,0
ድመት መንኩሳ አመሏን አትረሳ,Proverb,2
ሳይከካ ተቦካ,Proverb,2
አሞት ያለው,Idiom,0
አዲስ ዘመን,Literal ,1
የሀምሌን ውሀ ጥም የህዳርን ራብ የሚያውቅ ያውቀዋል,Proverb,2
ጠንቋይ ለራሱ አያቅም,Proverb,2
አንድ ራሱን,Idiom,0
ትልቅ ጥቃት ለምኖ ማጣት,Proverb,2
የወረት ውሻ ስሟ ወለተኪሮስ,Proverb,2
ጭንቀት,Literal ,1
ጉረኛ አይደለም,Literal ,1
እያንዳንዱ,Literal ,1
ልቤ ረጋ,Idiom,0
ስራ ለሰሪው እሾህ ላጣሪው,Proverb,2
አባይ ሌባ ሻይ,Idiom,0
እሳት የላፈው ነጋዴ ሆኖአል,Idiom,0
ማለዳ ላይ,Literal ,1
አፈር አልባሽ,Idiom,0
እንቅልፍ,Literal ,1
ወሸቱን ሸመጠጠው,Idiom,0
እጅህ ይጡም,Idiom,0
አመተ ምህረት,Literal ,1
ዜና ሙዳይ,Literal ,1
እልፍ ሲሉ እልፍ ይገኛል,Proverb,2
በእምነት ልንጠቀም አንችልም,Literal ,1
ሰጥቼ,Literal ,1
ከራስ ፍልስፍና የመነጨ ነው,Literal ,1
የሚጣፍጥ ምግብ ሲርብ የበሉት ነው,Proverb,2
መስቀለኛ መንገድ,Idiom,0
ነዋሪ ሲሆኑ,Literal ,1
አሰፈላጊ,Literal ,1
ለልጅ አይስቁለትም ለውሻ አይሮጡለትም,Proverb,2
ስጋ ቁጠር ቢሉት ጣፊያ አንድ አለ,Proverb,2
ቂሙን ቀረፈ,Idiom,0
የብዙ ሰዎች ትዳር እንዲህ እንደሆነ አይቻለሁ,Literal ,1
መደንገጥ አያስፈልግም,Literal ,1
ደጋን ወገብ,Idiom,0
አንቃር መታው,Idiom,0
ምዝገባ ጀምረናል,Literal ,1
አፈ ሙዝ,Idiom,0
የሚጠብቀው መሳሪያ,Literal ,1
በፊት የሚናፈሱ,Literal ,1
አለአቡን ቄስ አለዘውድ ንጉስ,Proverb,2
እየተሳሳምን,Literal ,1
አላርፍ ያለች ጣት ስትጠነቁል ትያዛለች,Proverb,2
ሲያደባ,Literal ,1
ስልክ መታ,Idiom,0
ሀረጉን ሲስቡት ዛፉ ይወዛወዛል,Proverb,2
ምን አሸበረን,Literal ,1
አንደበቱ የተለቀመ,Idiom,0
ቤተ ዘመድ,Literal ,1
እቅድ ማዘጋጀት,Literal ,1
ስነ ምግባር,Literal ,1
ምን አባቴ ልሁን,Idiom,0
ሌባ ላመሉ ዳቦ ይልሳል,Proverb,2
ምን ከፋኝ,Idiom,0
ልቤ ደነገጠባት,Idiom,0
ድርድር ለማድረግ ነው,Literal ,1
ቆላ ደጋ ረገጠ,Idiom,0
ቀድሞ የገባ እንግዳ እራቱ ፍሪዳ,Proverb,2
ችኩል አፍ ሞትን ይጠራል,Proverb,2
በባሕር ውስጥ,Literal ,1
አመሳቅሎ ለበሰ,Idiom,0
ጎመን ዘር,Literal ,1
ዳቦ ያለ ቅርፊት ጠላ ያለ ምርጊት,Proverb,2
ዱላ ለባለጌ ምርኩስ ለአሮጌ,Proverb,2
ታረጁ አይበጁ,Proverb,2
በቀጥታ መንገድ,Literal ,1
የዚሁ ፈተና ምዝገባ,Literal ,1
ግጥም ፃፈ,Literal ,1
በግ ከበረረ ሞኝ ካመረረ አይመለስም,Proverb,2
ዘር ከበረከት ትውልድ ከምርቃት,Proverb,2
ዛፎች ቢጠፋ ቁጥቋጦች ዛፎች ነን አሉ,Proverb,2
የቀረበው መግለጫ,Literal ,1
ሃላፊነት,Literal ,1
አዲስ ነገር ነው,Literal ,1
አወቃት,Idiom,0
ልቡ ፈረሰ,Idiom,0
አበጀ በለዉ,Literal ,1
ጤፍ አይቆላ የጭዋ ልጅ አይጠላ,Proverb,2
ለበርካታ ዓመታት,Literal ,1
እግዜር ይፍታ አለ,Idiom,0
ንጹህ እህት,Idiom,0
እንብርት የለሽ,Idiom,0
የማይተማመን ባልንጀራ በየወንዙ ይማማላል,Proverb,2
የቀበጡ እለት ሞት አይገኝም,Proverb,2
ቀንዱ ሰማይ ጠቀስ ጭራው ምድር አበስ,Proverb,2
ለመዋል ሞክሩ,Literal ,1
የትውልድ ቦታ,Literal ,1
ጥናታዊ ጹሁፍ,Literal ,1
አዉራ አዘል,Idiom,0
ቅኔ አትናገር,Idiom,0
የፈሪ ዱላው ረጅም ነው,Proverb,2
አለንጉስ ዘውድ አለ ምሳር ግንድ የለም,Proverb,2
ቆነደደ,Idiom,0
ግባተ መሬት,Idiom,0
አይኑ ሰረቀ,Idiom,0
የሰባ ነገር,Idiom,0
ለጥቂት ጊዚያት,Literal ,1
ለእራስ ያሉት,Literal ,1
አንድ ኢትዮጵያ,Literal ,1
ዋጋ ቆለለ,Idiom,0
ገንዘቧን ጥላው መጣች,Idiom,0
ደማቅ ዝግጅቶች,Literal ,1
ህግ አውጭ,Literal ,1
የፈሪ ዱላ አያዳግምም,Proverb,2
አስረግጠህ ንገረኝ,Idiom,0
ትግስትን ከተሞሉ አይቀር,Literal ,1
እምቅ ሀይል,Literal ,1
አያያዙ አያምርም,Idiom,0
ለአንድ ብርቱ ሁለት መዳኒቱ,Proverb,2
እውር ሲወበራ በትሩን ይጥላል,Proverb,2
ልቡና ይስጥህ,Idiom,0
አዳጋች ነው,Literal ,1
ቀለባት,Idiom,0
በልቡ ያዘ,Idiom,0
በመምህራን,Literal ,1
ውሀ ምን ያገሳ ድሀ ምን ያወሳ,Proverb,2
እራስ ሳይጠና ጉተና,Proverb,2
ደና ሁን,Literal ,1
ባንድ አይቀር,Idiom,0
አሉባልተኛ ሌት ተቀን አይተኛ,Proverb,2
ቤተሰብ እንድታገባ አደረጉ,Literal ,1
ሱቅ በደረቴ,Idiom,0
እርባና ቢስ,Proverb,2
የሶስተኛ ዲግሪ,Literal ,1
አስረሽ ምቺው,Idiom,0
ባደሩ ማግስት,Literal ,1
የጠላቶቻቸዉ ጥፋት,Literal ,1
ውሀ ሲጎድል ተሻገር ዳኛ ሲገኝ ተናገር,Proverb,2
ውጤት,Literal ,1
ብትባል እንጂ,Literal ,1
ለጠቢብ አንድ ቃል ይበቃል,Proverb,2
ነገር ቆሰቆሰ,Idiom,0
የሚወዱትን ሲያጡ የጠሉትን ይቀላውጡ,Proverb,2
ውሃ ለማጠጣት,Literal ,1
መሻፈዶች,Literal ,1
የደንቆሮ ሰርግ በሽብሽባ ያልቃል,Proverb,2
የፍቅር ግንኙነት,Literal ,1
ማን ላይ ቆመሽ እግዜርን ታሚያለሽ,Proverb,2
ነገር ሲያመልጥ ራስ ሲመለጥ,Proverb,2
የጣት ቀለበት,Literal ,1
አጥር ግቢ,Literal ,1
ለእውነት ሞተ,Literal ,1
ለራበው ሰው ቆሎ ለቁልቁለት በቅሎ,Proverb,2
ቁም ስቅል አሳየ,Idiom,0
የቲክቶክ ሊንክህን አስቀምጥ,Literal ,1
ቀኝ እጅ,Idiom,0
አይን ለአይን ተሳበረ,Idiom,0
መልኩ እያለጠለጠ ሄዷል,Idiom,0
እውነት አስተማርሁ,Literal ,1
ልቡን ማረከው,Idiom,0
ለምን ሁለት ምላስ ትሆናለህ,Idiom,0
ዘመን የሰጠው ቅል ድንጋይ ይሰብራል,Proverb,2
ምድር ዋጠው,Idiom,0
አንደበተ ስል,Idiom,0
ታልጠገቡ አይዘሉ ካልዘለሉ አይሰበሩ,Proverb,2
ለስራዉ ማነቃቂያ,Literal ,1
በዚያው ልክ ነው,Literal ,1
ከርሳም,Idiom,0
እጀ ሰፊ,Idiom,0
ምእራፍ ሶስት,Literal ,1
ሞቅ ሞቅ አለ,Idiom,0
ልበ ድንጉጥ,Idiom,0
ጥላ ወጊ,Idiom,0
መንገድ በቀናነት,Literal ,1
ለሽልማት እንደሚያበቃ,Literal ,1
ቃል አባይ,Idiom,0
በእሳት መጫወት,Proverb,2
ባለፈ ክረምት ቤት አይሰራም,Proverb,2
የአባት ልጅ,Literal ,1
ተቃለለ,Idiom,0
ክው አለ,Idiom,0
ምስጢር አየ,Idiom,0
ዶሮ ከጮኸ ሌሊት ከደብረ ታቦር ወዲያ ክረምት የለም,Proverb,2
የቂጥ ማረፊያ,Idiom,0
እንዲወገዱ አዘዘ,Literal ,1
ሀኪም የያዘው ነፍስ ባያድር ይውላል,Proverb,2
ቅርጥ የለሽ,Idiom,0
ደም ተቃባ,Idiom,0
ዘጠኝ ሞት መጣ ቢሉት አንዱን ግባ በለው አለ,Proverb,2
ስምህን ቄሰ ያንሳው,Idiom,0
አገር አለማ,Idiom,0
ክፉ ቀን,Idiom,0
የቅናት ስሜት,Literal ,1
ስለማይፈቅዱላት አዝና ተቀመጠች,Literal ,1
የክፉ ሰው ተዝካር ውሀ ያስወስዳል በህዳር,Proverb,2
ድሀ በህልሙ ቅቤ ባይጠጣ እከክ በፈጀው,Proverb,2
የማትሄድ መበለት ዞራ ዞራ ትሰናበት,Proverb,2
የቀለም አባት,Idiom,0
ለቤት ሳማ ለውጭ ቄጤማ,Proverb,2
ቅሌን ጨርቄን አለ,Idiom,0
ሁነኛ,Idiom,0
ዶሮ ከቆጥ በሬ ከጋጥ,Proverb,2
የፀጥታ ችግር,Literal ,1
በሰው ንብረት አለቀሰ,Idiom,0
መልክ ስጠኝ እንጂ ሙያ ከጎረቤቴ አማራለሁ,Proverb,2
አፌን ደም ደም አለው,Idiom,0
ላይኛው ከንፈር ለክርክር ታችኛው ከንፈር ለምስክር,Proverb,2
ተከንችሮ አደረ,Idiom,0
የወንድ አልጫ,Idiom,0
የስኬት ጫፍ ላይ ተገኝተዋል,Literal ,1
ግራ ገባኝ,Literal ,1
አንዱን ጥላ አንዱን አንጠልጥላ,Proverb,2
ባለዉ ግንኙነት,Literal ,1
ዱባና ቅል አበቃቀሉ ለየቅል,Proverb,2
ውቃጫም,Idiom,0
የወንዶች ባል አይተህ ማር,Proverb,2
ምች አደር,Idiom,0
አገር የሌለው ለጌታ አዳሪ,Proverb,2
ሆዳም,Idiom,0
አየር መንገድ,Literal ,1
ለነገር ተሰለፈ,Idiom,0
ውሀ ቢወቅጡት እንቦጭ,Proverb,2
ነብይ ባገሩ አይከበርም,Proverb,2
ነፍሱን አዋለ,Idiom,0
መሬት ይቅለለው,Idiom,0
ቆቡን ጣለ,Idiom,0
የኤሌክትሪክ መኪና መግዛት ይፈልጋሉ,Literal ,1
ዝም አይነቅዝም,Proverb,2
የሰው ስም ሰበረ,Idiom,0
ቋንቋው አልገባውም,Idiom,0
ምስጋና ይግባው,Idiom,0
አመዴ ወጣ,Idiom,0
ታሞ ከመማቀቅ አስቀድሞ መጠንቀቅ,Proverb,2
ነገር ዘሪ,Idiom,0
የሚሰሩበት ቃላት,Literal ,1
እውነቱን ተናግሮ ካመሹበት ማደር,Proverb,2
በሚስጢራዊው ውይይት,Literal ,1
ልብስ ያረረበት,Idiom,0
ተግባራት,Literal ,1
አባቱ ዳኛ ልጁ ቀማኛ,Proverb,2
ጥምቀት,Literal ,1
ቂል አይሙት እንዲያጫውት,Proverb,2
ቤተ ሰሪ በኋላ ይመጣል,Proverb,2
መምህራን,Literal ,1
ኮሶ አስደነገጠኝ,Idiom,0
ሰው ነህ,Literal ,1
አደጋ ስጋት,Literal ,1
ክሊኒክ ስትመጣ,Literal ,1
አንጀት አርስ,Idiom,0
ራሱ ዞረ,Idiom,0
ራሱን አወቀ,Idiom,0
ኮሶ ያገሳው,Idiom,0
ወጥሽ ሌላ ነው,Idiom,0
አይኑን ተከለ,Idiom,0
ስማን,Literal ,1
በአድሎ ፈፃሚነት ትከሳለህ,Literal ,1
የማን ዘር ጎመን ዘር,Proverb,2
ያፍዝ ያደንግዝ,Idiom,0
ተመሳሳይ,Literal ,1
ተላም የዋለ በሬ ከጋለሞታ የዋለ ገበሬ,Proverb,2
ቁርበት,Idiom,0
ሀይለኛ ውሀ አሻቅቦ ይፈሳል,Proverb,2
ቅመማ ቅመም ይሸጣል,Literal ,1
ፈሊጣዊ ንግግሮች,Literal ,1
አጸደ ነፍስ,Idiom,0
ይበለው,Literal ,1
በመጽሀፍ ላይ,Literal ,1
ፍርሀት ነው,Literal ,1
ራሴን ሲበላኝ እግሬን ቢያኩኝ አይገባኝም,Proverb,2
አላዋቂ ሳሚ ንፍጥ ይለቀልቃል,Proverb,2
ጦር ለወረወረ መሬት ለገበረ,Proverb,2
መሬት ላሰ,Idiom,0
ተጨባጭ ነው,Literal ,1
መጋደል ከወዴት ይመጣሉ,Literal ,1
ራስን ማሻሻል,Literal ,1
ካህናት አበው,Literal ,1
ቅን ልብ ያለህ,Literal ,1
የተከለከለ ነው,Literal ,1
ቀንብቻ ሆድ,Idiom,0
የላጭን ልጅ ቅማል በላት,Proverb,2
ይፈልጉ ነበር,Literal ,1
የወረቀት ላይ ነብር የተግባር ስንኩል,Proverb,2
አይን አዋጅ,Idiom,0
ማእድ ጠፋና አንድ ላይ በላን,Proverb,2
ጥርሱን ነከሰ,Idiom,0
ድል ነሳ,Idiom,0
መኖሪያ ከመሆኗ አንፃር,Literal ,1
የነቃ የበቃ,Idiom,0
በሽታ ለከፈው,Idiom,0
እኔ ለምንድነው,Literal ,1
ኮከባቸው ገጠመ,Idiom,0
አምባ አድምቅ,Idiom,0
አደዋ,Literal ,1
ሚስጢር መያዝ አይችልም,Literal ,1
ሰርገኛ መጣ በርበሬ ቀንጥሱ,Proverb,2
አመሉ አልሰከነም,Idiom,0
የራሷ አሮባት የሰው ታማስላለች,Proverb,2
ሞት ይርሳኝ,Idiom,0
ፈተና ማዕከል,Literal ,1
ብዙ ገንዘብ,Literal ,1
ቀላጅ የሰይጣን ወዳጅ,Proverb,2
ነገር ግን,Literal ,1
ብቻውን የበላ ብቻውን ይሞታል,Proverb,2
የልጅ ፍቅር የሴት ከንፈር አናትን አያስቀብር,Proverb,2
እንዴት ተረሱ,Literal ,1
መልክ አወጣች,Idiom,0
በረገድ በረገዱ,Idiom,0
ሳትይዙ እንዳትወጡ,Literal ,1
ማበርከት,Literal ,1
ሬሳ ሆነ,Idiom,0
ፈፅሞ አለመግባባት,Literal ,1
ንቃይ,Idiom,0
አህያ ከአመዱ,Idiom,0
ኮከብ ቆጠረ,Idiom,0
አጥንቴ እሾህ ሆኖ ይውጋህ,Idiom,0
ለሆነ ነገር,Idiom,0
በሆነ ባልሆነ,Idiom,0
የመቅደሳችን ስፍራ,Literal ,1
ፊቱን አጠቆረ,Idiom,0
ጥቂት ዝምታ,Literal ,1
ሃሳብ እንዲያዋጡ እናድርግ,Literal ,1
ማረም ፈጽሞ የማይቻል,Literal ,1
ልመጣ ነኝ,Literal ,1
አንገተ ደንዳና,Idiom,0
በአሁኑ ወቅት,Literal ,1
ሙቀጫ ሰገጠ,Idiom,0
ግዛኝ ግዛኝ ብለው ሊሺጠኝ አሰበኝ,Idiom,0
ብር ሸሸ,Idiom,0
ከሁሉ ልብ ይበርድ ከሁሉ ልብ ይነድ,Proverb,2
ለጋ ጎበዝ ልጅ አድርሻለሁ,Idiom,0
ስለማናውቅ ነው,Literal ,1
ወረ ግቡ,Idiom,0
ከብት መጠበቅ ከባድ ነው,Literal ,1
ሥራ ለሰሪው እሾህ ላጣሪው,Proverb,2
የምኞት ፈረስ ልጓም አይገታውም,Proverb,2
በአንድ ራስ ሁለት ምላስ,Proverb,2
በግዳጅ ላይ ነው,Idiom,0
የለመደች ጦጣ ሁልጊዜ ሽምጠጣ,Proverb,2
ችክ ምንችክ አለ,Idiom,0
ግድ የለኝም,Literal ,1
ቁራሽ የናቀ ጦሙን ያድራል,Proverb,2
ያንሳህ,Idiom,0
አልጫ ፍቅር,Idiom,0
ምግበ ስጋ,Idiom,0
የሚጠብቅህ,Literal ,1
የሰውን ልክ,Idiom,0
የአካባቢ ትውስታ,Literal ,1
ልብ አድርግልኝ,Idiom,0
የልቡን ሲነግሩት የኮረኮሩትን ያህል ይስቃል,Proverb,2
እናት አይምሬ,Idiom,0
ብትሰማ ይሻላል,Idiom,0
ታስቦ ዋለ,Idiom,0
ከደመወዛችሁ የሚቆረጥበትን,Literal ,1
ጅማ አባጅፋር,Literal ,1
ታጉል ጉልበት እዩልኝ ስሙልኝ ማለት,Proverb,2
በራሴ ጊዜ,Literal ,1
ካለ ፈጣሪ አሟጠሽ ጋግሪ,Proverb,2
አይን አፋር,Literal ,1
ስጋ ሆነ,Idiom,0
የሆዴን ነግሬው ነበር,Idiom,0
አዳዲስ ነገሮች,Literal ,1
ያዳቆነ ሰይጣን ሳያቀስ አይለቅም,Proverb,2
ሸማና ምስጥ ወደ ውስጥ,Proverb,2
የወር ገቢ,Literal ,1
አሞቱ ዳውላ አከለ,Idiom,0
ቀልበ ቢስ,Idiom,0
የማያጠግብ እንጀራ ከምጣዱ ያስታውቃል,Proverb,2
የዓለማችን ቀዳሚ ባለጸጎች,Literal ,1
የህዝብ አለም,Literal ,1
ሰውነቱ ተለወጠ,Idiom,0
እንቅልፍ እድሜ,Literal ,1
ህገ መንግስት ይከበር,Literal ,1
ራስ ራሱን,Idiom,0
ግሽ አባይ ከተማ,Literal ,1
አካለ መጠን,Idiom,0
የዉሃ መንገድ,Idiom,0
ቀልድና ቅዘን ቤት ያበላሻል,Proverb,2
ሙሉ ዉድቀት,Literal ,1
ልቀቀው,Literal ,1
ጠፍር ለመጫኛ ያገለግላል,Literal ,1
አንዳች ነገር የለም,Literal ,1
አዘጋጅቶኝ ነበር,Literal ,1
በእርሳስ ነደፈ,Idiom,0
መታያ,Idiom,0
የመጻፍ መብት አለው,Literal ,1
ሞቅ አለው,Idiom,0
አእምሮአችን የሚችለው ማስላት ነው,Literal ,1
ሀዘን ቤት,Literal ,1
በልጁ ቆዳ ተጠቅልሎ የተቀበረ የለም,Proverb,2
የሞባይል ስልክ,Literal ,1
መርሐ-ግብር ተደርጎ,Literal ,1
ለአቅመ ሄዋን ደረሰች,Idiom,0
በደረቁ ላጨ,Idiom,0
ሰንጣቃ እንጨት,Idiom,0
ዘመደ ብዙ ጠላው ቀጭን ነው,Proverb,2
ንፍቅ እግር,Idiom,0
አመድ ላይ ተንከባላይ,Idiom,0
አዲስ ነገር,Literal ,1
ባጎረስኩ እጄን ተነከስኩ,Proverb,2
መስከረም ሲጠባ,Idiom,0
በኢትዮጵያ ሊመረት ነው,Literal ,1
በእግዚአብሔር ፊት ሞት ነውና,Literal ,1
ቁርስና ጠቃሚ ምግቦች,Literal ,1
ስለማወቁ እጠራጠራለሁ,Literal ,1
ለተማሪዉ ደወለ,Literal ,1
እንፋጠጥ,Literal ,1
አሳብ የለሽ ወጧ ጣፋጭ ነው,Proverb,2
ልብ አሳጣ,Idiom,0
ሲያቅዱ ጥርሳቸዉን ያሳያሉ,Literal ,1
የሰዉ ሀገር,Literal ,1
አንገት ለአንገት,Idiom,0
ከእጅ አይሻል ዶማ,Proverb,2
መታወቂያዉ ዉስጥ,Literal ,1
ፍየል ወዲህ ቅዝምዝም ወዲያ,Proverb,2
አሞቱ ፈሰሰ,Idiom,0
ከድሮን ጥቃት,Literal ,1
ተበድሮ ቅቤ ታርዞ ጎፈሬ,Proverb,2
ልሳነ እሳት,Idiom,0
የዶሮ መረቅ,Literal ,1
መከራውን በላ,Idiom,0
መፍቀሬ ጥበብ ሰሎሞን,Literal ,1
አይንህ ላፈር አለ,Idiom,0
ንጉስ ከተነፈሰ አይን ከፈሰሰ,Proverb,2
እጅ አደር,Idiom,0
ሁለት ባላ ትከል አንዱ ሲስበር ባንዱ ተንጠልጠል,Proverb,2
ርጥብ አማኝ,Idiom,0
አሩን ሲበላ ከርሞ መጣ,Idiom,0
ስጋ ለስጋ,Idiom,0
ባህር ዳርቻ,Literal ,1
ለወሬ የለው ፍሬ,Proverb,2
ጠጅ የሚያጠጣ መሬት,Idiom,0
ቀደሰ,Idiom,0
ለቀባሪው አረዱት,Proverb,2
ማንበብ ለህይወት ያስፈልጋል,Literal ,1
ቀልቡን አሳጣሁት,Idiom,0
ቆሌቢስ,Idiom,0
መና ቀረ,Idiom,0
አገው ምድር በኢትዮጵያ ይገኛል,Literal ,1
ስር ስሩን,Idiom,0
እናቲቱን አይተህ ልጅቷን አግባ,Proverb,2
ወግ አክራሪ,Idiom,0
እውነተኛ እድል,Literal ,1
አባቱን አያውቅ አያቱን ናፈቀ,Proverb,2
ልቡ ሰባ,Idiom,0
አንጀቴ,Idiom,0
ይፈጥራል ተብሎ ይታመናል,Literal ,1
አይመጣምን ትተሽ ይመጣልን ያዥ,Proverb,2
ለቡናሽ ቁርስ የለሽ ለነገርሽ ለዛ የለሽ,Proverb,2
ግብር ዉሃ,Idiom,0
የመቀናጆ በሬ ሲመሽ ወደ ቤቱ ይስባል,Proverb,2
ነፍስ በፈጣሪዋ ሴት ባሳዳሪዋ,Proverb,2
ቤቴ ተዘጋ,Idiom,0
ቀንበር ጫነ,Idiom,0
ስንዝሮ,Idiom,0
መሆኑን እወድለታለሁ,Literal ,1
አሲዳም,Idiom,0
እጁን ሰጠ,Idiom,0
እንደሚሰጥ ትምህርት,Literal ,1
ህይወት ግን በጣም ቀላል ናት,Literal ,1
የሙት ቀናተኛ ሚስቴን አደራ ይላል,Proverb,2
ልጅም ከሆነ ይገፋል ድንችም ከሆነ ይጠፋል,Proverb,2
ጥናት ማድረግ አለብህ,Literal ,1
ምርመራ,Literal ,1
ሞኝ ያገኘው ፈሊጥ,Idiom,0
የሚወዳት ሰብለ,Literal ,1
እንዳልሆነ ሆነ,Idiom,0
ታላቁ ጥቁር,Literal ,1
ሁለት ጊዜ ነው የዶሮ ልደት አንዱ በእንቁላል አንዱ በጫጩት,Proverb,2
ኢፍጣር,Literal ,1
አበበ ከወንድሙ,Literal ,1
ቀልደኛ ገበሬ በሰኔ ይሞታል,Proverb,2
ከአህያ አፍለኛ የጅብ አሮጌ ይበልጣል,Proverb,2
የጥናት ምርምርና ማህበረሰብ,Literal ,1
ህገ ወጥ,Idiom,0
አመድ አፍሽ,Idiom,0
መጋቢት,Literal ,1
ከህመሙ ይፈወሳል,Literal ,1
ለቀንዳም በሬ ቤት አትከልክለው ቀንዱ ይከለክለዋል,Proverb,2
ከተሸሸገበት ጉድጓድ,Literal ,1
ሞትና ፍጥረት አንድ ቀን ነው,Idiom,0
ምርቅና ፍትፍት,Idiom,0
አለባበሰ,Idiom,0
ማን አውቆ ይመርጠዋል,Literal ,1
ልቡን አመገለው,Idiom,0
ሚና,Literal ,1
የሚዳቋ ብዛት ለውሻ ሰርግ ነው,Proverb,2
ትልቁ አዳማ ከነማ,Literal ,1
የመንፈስ ከፍታ,Literal ,1
ግልግልና ገንፎ ትኩሱን አያስገባም,Proverb,2
ወሬ ነጋሪ,Literal ,1
ግቢ ጉባኤያት ዛሬ,Literal ,1
አልኮስኩሶ በላ,Idiom,0
ተግተን ስለጠበቅን,Literal ,1
ነጋ ጠባ,Idiom,0
አንጀቴ ራሰ,Idiom,0
ሀብታም በከብቱ ድሀ በጉልበቱ,Proverb,2
ላፍ ወሰን የለውም,Idiom,0
ቀን ሲደርስ አምባ ይፈርስ,Proverb,2
ጉልበትህን,Literal ,1
የትምህርት ጊዜ,Literal ,1
ሀሞተ ቢስ,Idiom,0
ልቡ አረረ,Idiom,0
ፌንጣ ብትቆጣ አንድ እግሯን ታጣ,Proverb,2
ምዝገባ ማከናወን,Literal ,1
ልብ አፍርስ,Idiom,0
ሾለከ,Idiom,0
በማንኛውም መንገድ,Literal ,1
የሚፈርስ ከተማ ነጋሪት ቢመታ አይሰማ,Proverb,2
መንፈሰ ጠንካራ,Literal ,1
ማከናወን,Literal ,1
አመለ ቢስ,Idiom,0
አለቃችን መናገር አይወድም,Literal ,1
ወንጀል,Literal ,1
ኑሮ በዘዴ,Literal ,1
እርምጃህን አስተውል,Proverb,2
ለምሽት መብራት ለመከራ ጊዜ ብልሀት,Proverb,2
ታጥቦ ጭቃ,Proverb,2
የምናውቀው ቢክ እስኪብርቶ,Literal ,1
ወሬ ማዉጋት ይችላል,Literal ,1
በመጣራት ላይ,Literal ,1
ደጃቸውን አይዘጉ ሰውን ሌባ ይላሉ,Proverb,2
ሆዳም ቢሽከም የበላ ይመስለዋል,Proverb,2
አመለከተ,Idiom,0
ዝናብ አፍ,Idiom,0
ማጠቃለያ ፈተና,Literal ,1
አንቅሮ ተፋው,Idiom,0
ልብ አቁስል,Idiom,0
ከፍተኛው የተመዛኝ ቁጥር,Literal ,1
ልጅ ቢያኮርፍ ቁርሱ እራት ይሆናል,Proverb,2
አስወጣሁት,Idiom,0
መስገርት,Idiom,0
በሹመት ነበበ,Idiom,0
ቅልጥጥ ቅብጥጥ አለ,Idiom,0
ሴት አውል,Idiom,0
በንቃተ መሳተፍ ይጠበቅብናል,Literal ,1
የእህል ቤት,Idiom,0
መሰንቆ መታ,Literal ,1
ሎጥ ሎጥ አለ,Idiom,0
ቆቻ ዋለ,Idiom,0
ልበ ደንዳና,Idiom,0
አዉንታዊ ትርጉም,Literal ,1
ምከረው ምከረው እምቢ ካለ መከራ ይምከረው,Proverb,2
በረሃብ አንጀቱ የሚላወስ,Literal ,1
ላም አለኝ በሰማይ ወተቷንም አላይ,Proverb,2
የቆማጣ ፈትፋች,Idiom,0
ከጎጃም አልወጣም,Literal ,1
ፍሬውን መታው,Idiom,0
ነገርን ከስሩ ውሀን ከጥሩ,Proverb,2
ሞላጫ ሌባ,Idiom,0
የመሬት ስበት ያስፈልጋቸዋል,Literal ,1
ሆድ ሆዴን,Idiom,0
ለዋሂድ ክርስትናን,Literal ,1
አልታደጉኝም,Literal ,1
ሂድ አትበለው አንዲሄድ አድርገው,Proverb,2
አብዛኛውን ጊዜ,Literal ,1
የሰው እንቁላል,Idiom,0
ሹም ሽር,Idiom,0
ስጋዊ እርምጃ,Literal ,1
ልብ የለሽ,Idiom,0
ሰካራም ቤት አይሰራም,Proverb,2
ፊት ለፊት,Literal ,1
ምሽት ላይ,Literal ,1
ተልባ ቢንጫጫ በአንድ ሙቀጫ,Proverb,2
የሕዝብ ትራንስፖርት,Literal ,1
እወቅልኝ,Idiom,0
እሱ የከፈተውን ጉሮሮ ሳይዘጋው አያድርም,Proverb,2
እፍ ያለች,Idiom,0
ራሱን ጣለ,Idiom,0
ገድ በለኝ,Idiom,0
መሞት አይቀርም,Literal ,1
እንጥስ ቢሉ ቅንጥስ,Idiom,0
መልከ መልካም,Idiom,0
ውድቀት,Idiom,0
ደካማ ጎን,Literal ,1
መስጠት አይወድም,Literal ,1
ርባና ቢስ,Idiom,0
በሰራዊት በመታገዘ,Literal ,1
እንድዬ,Idiom,0
ጎጠኝነት,Literal ,1
አይን አወጣ,Idiom,0
አፋሽ አከንፋሽ,Idiom,0
ከሐሰተኛም መገረዝ ተጠበቁ,Literal ,1
አታቀርሽብኝ,Idiom,0
ከሞመት መሰንበት,Proverb,2
የማይመጣ,Literal ,1
የውሻ በትር አስያዘ,Idiom,0
የኋላ የኋላ,Idiom,0
ረመዳን ጾም መቼ ይጠናቀቃል,Literal ,1
ክፍታፍ,Idiom,0
አጥንቶ,Literal ,1
የወንድ አጭር ዝንጀሮ የሴት አጭር ወይዘሮ,Proverb,2
ከልኩ አለፈ,Idiom,0
በሴትና በውሀ የማይርስ የለም,Proverb,2
ዳይሬክቶሬት,Literal ,1
አይነሌባ,Idiom,0
ተፈታኞች,Literal ,1
በፈሊጥ መልኩ,Literal ,1
እንባ አድርቅ,Idiom,0
እንደሚደረግ ተገልጿል,Literal ,1
ብዙ የሚያደርጋቸው,Literal ,1
አንድ አይና ባፈር አይጫወትም,Proverb,2
ደሟ ፍልቅ አለ,Idiom,0
ናቶች ልጆቻቸውን ተሸክመው መግቢያ ያጡበት,Literal ,1
አፍረቱን ጣለ,Idiom,0
እቅድ ያውጡ,Literal ,1
ለብሰሽ ፍጅው,Idiom,0
አቅም,Literal ,1
ዞሮ ዞሮ መዝጊያው ጭራሮ,Proverb,2
እጀ ርጥብ,Idiom,0
ጥቆማዎች,Literal ,1
ውዳሴ ህንፃ,Literal ,1
የሱስንዮስን ልጅ,Literal ,1
ለመሆን መወሰን,Literal ,1
ሰው እንዳይሆን የለም,Idiom,0
የኢትዮጵያን ባህል ማስተዋወቅ ችለዋል,Literal ,1
ዉሻ ሆድ,Idiom,0
ሰአቱ ሞላ,Idiom,0
የወደደና የአበደ አንድ ነው,Proverb,2
እዝን,Idiom,0
ሆዱን አለበው,Idiom,0
ሀረግ መዘዘ,Idiom,0
የትም ፍጪው ዱቄቱን አምጪው,Proverb,2
ሰጥ ለጥ ብሎ ተገዛ,Idiom,0
በመስከረም ሊያብድ ያለ ክረምቱ ላይ ጨርቁን ይጥላል,Proverb,2
ክንፉን ጣለ,Idiom,0
ስጋየ,Idiom,0
በጉጉት እየጠበቀ ነው,Literal ,1
የሚወዱትን አቅፎ የሚጠሉትን ነቅፎ,Proverb,2
እሳት ለብሶ እሳት ጎርሶ መጣ,Idiom,0
ያልታደለ ቆዳ ሲላፋ ያድራል,Proverb,2
ጠርጥር በገንፎ ውስጥ እንዳለ ስንጥር,Proverb,2
አፈ ማር,Idiom,0
ዘመድ ከዘመዱ አህያ ካመዱ,Proverb,2
ዋቢ መፅሀፍት,Literal ,1
ቀርቶ ላይቀር,Idiom,0
ሲቻል,Literal ,1
ሰይጣን ይዞታል,Idiom,0
ቃሉን አጠፈ,Idiom,0
አደራ ከታች,Idiom,0
የምስራቅ ኢትዮጵያ አካባቢ,Literal ,1
በራብ አለንጋ ተገረፈ,Idiom,0
ውሀ ሲወስድ እያሳሳቀ ነው,Proverb,2
ጤናማ ግንኙነት,Literal ,1
አህል መብላይ ይወዳል,Literal ,1
ስራ ያጣ መነኩሴ ቆቡን ቀዶ ይሰፋል,Proverb,2
ቃል አልገባም,Literal ,1
የማይመስል ነገር ለሚስትህ አትንገር,Proverb,2
ብልጥ አይጥ ከባለቤት እኩል ስትበላ ትኖራለች,Proverb,2
ነጋዴ ወረቱን ዘላን ከብቱን ገበሬ ምርቱን,Proverb,2
ስማ በለው,Idiom,0
ዝንጀሮ የቂጧን መላጣ ሳታይ በባልንጀራዋ ትስቃለች,Proverb,2
ዳቦ,Literal ,1
ሰላም ሰፈነ ተብሎ,Literal ,1
ከግል ፍላጎት በላይ ነው,Literal ,1
ስራ መስራት ይችላል,Literal ,1
የኦሮሞ ጥያቄ ይመለሳል,Literal ,1
እጅ ሳመ,Idiom,0
ስራ አስኪያጅ,Literal ,1
መልካም አሁን,Literal ,1
ለመቆናጠጥ ካላቸው,Literal ,1
ጾምን,Literal ,1
ሙልጭ አድርጎ ሰደብ,Idiom,0
ምን አለብኝ,Idiom,0
ከዝሆን ጠብድሏል,Literal ,1
ኑሮ ኑሮ ከመሬት ዙሮ ዙሮ ከቤት,Proverb,2
ወርቅ አወጣ,Idiom,0
ትንኝም ለሆዱ ዝሆንም ለሆዱ ወደ ወንዝ ወረዱ,Proverb,2
መታወቂያ ምዝገባ  ተጀመረ,Literal ,1
ልነግራችሁ,Literal ,1
አፍ ያለው ያግባሽ ከብት ያለው,Proverb,2
መጎብኘቱ ተገለጸ,Literal ,1
ሸማ ለባሽ,Idiom,0
የሞተን አትርሳ የወደቀን አንሳ,Proverb,2
መሳተፍ እንዳለባቸው,Literal ,1
መግል ሰራ,Idiom,0
አልጠግብ ባይ ሲተፋ ያድራል,Proverb,2
ማመልከት ይቻላል,Literal ,1
ምጥ መጣ,Idiom,0
የባለጌ ባለሟል ቂጥ ገልቦ ያያል,Proverb,2
የሰዉን ችሎታ,Literal ,1
ከሞኝ ደጃፍ ሞፈር ይቆረጣል,Proverb,2
ጸጸት እያደር ይመሰረት,Proverb,2
የአበሻ ሌሊቶች,Literal ,1
በሰው ፊት ቀለለ,Idiom,0
እንዲዘልቅ አድርገህ ያዘው,Idiom,0
ሬሳ በዝምታው ይፈራል,Proverb,2
ከዚህ ሁሉ መንገድ,Literal ,1
ያገሩን ሰርዶ ባገሩ በሬ,Proverb,2
ቁብ የለሽ,Idiom,0
የቅጅ መብት,Literal ,1
ምደባ,Literal ,1
ፍርሃት የለባቸውም,Literal ,1
ቀንበር ሰበረ,Idiom,0
የፊት መለዋወጥ አላየሁም,Literal ,1
አዳር አይበለው,Idiom,0
ፊቱ ጠወለገ,Idiom,0
ድስት ግጣሙን አያጣም,Proverb,2
ሚዲያ እየመጣ ነው,Literal ,1
ትምህርት በልጅነት አበባ በጥቅምት,Proverb,2
የተናቀ ሰፈር በአህያ ይወረራል,Proverb,2
ሁለቱ ነፈሱ,Idiom,0
መልከ ጥፉ በስም ይደግፉ,Proverb,2
የገባችሁ አስረዱኝ,Literal ,1
ሁለት ጠጉር አወጣ,Idiom,0
ጀማሪ እረኛ ከብት አያስተኛ,Proverb,2
መጥፎ ዜናዎች,Literal ,1
አእምሮ,Literal ,1
ዘመደ ብዙ ጠላሽ ቀጭን ነው,Proverb,2
ጨዋታው ሞቀ,Idiom,0
አይን አወጣ,Idiom,0
አህያ እንኳን በወለደች ታርፋለች,Proverb,2
ካለመናገር ደጃዝማችነት ይቀራል,Proverb,2
ደም ቢያለቅሱ ድንጋይ ቢነክሱ,Proverb,2
እብድ አህል ገዝቼ ሚስቴን አሳበድኳት,Proverb,2
ተቃራኒ ጾታ,Literal ,1
አይጥ በበላ ዳዋ ተመታ,Idiom,0
ረገብ አደረገ,Literal ,1
ኑሮ ቀያሪ,Literal ,1
ሮኬት ሳይንስ,Literal ,1
አፍን ይበላዋል,Idiom,0
ልቡ ሸፈተ,Idiom,0
እጁ ጥብቅ ነው,Idiom,0
ጊዜ ያለፈበት,Proverb,2
አይነ ቁራኛ,Idiom,0
ዘመን የሰጠው,Idiom,0
ከረጢት መሳይ እቃ,Literal ,1
በማድረግ ላይ ይገኛል,Literal ,1
ሊጋፋ አይችልም,Literal ,1
ክፉ ባለእዳ,Idiom,0
ኮከበ ነጠላ,Idiom,0
ኩነኔ በምድር ነው,Idiom,0
ለአንበሳ አታበድር ካበደርክ አትጠይቅ,Proverb,2
ለሞኝ ሰኔ በጋው መስከረም ክረምቱ,Proverb,2
ላለፈው ክረምት ቤት አይሰራለትም,Proverb,2
ቤተ ሰሪ,Literal ,1
ወፍጮና ሴት መቼም አይሞላለት,Proverb,2
ይወዳት ነበር,Literal ,1
በአእምሮው ዘገነ,Idiom,0
ክፍለ ሀገር,Literal ,1
ባለሙያዎች,Literal ,1
ሀያል ሀገር,Literal ,1
አልደፈርም,Literal ,1
ሆዱ ተቆለፈ,Idiom,0
ማህበረሰብ ቅሬታ,Literal ,1
አፍ ዳገት አይፈራም,Proverb,2
ተምሳሌተ ብዙ,Literal ,1
ተላላሰ,Idiom,0
አንጡራ ሀብት,Idiom,0
አይኑ ደገደገ,Idiom,0
ኢየሱስ ክርስቶስ,Literal ,1
ኩነኔ ገባ,Idiom,0
የምታነበዉን ቀይር,Literal ,1
የምትፈልጊዉ ነገር,Literal ,1
ውሻ ምን አገባት እርሻ,Proverb,2
በሀገሪቱ በጥቅል,Literal ,1
ክፍል ሦስት,Literal ,1
አወቅሽ አወቅሽ ቢሏት መጽሀፍ አጠበች,Proverb,2
አእምሮው ላሽቋል,Idiom,0
ልጅ ከአባቱ ጉልበት ይከፈላል,Idiom,0
እጅ አላስገባም,Idiom,0
ሳል ይዞ ስርቆት ቂም ይዞ ፀሎት,Proverb,2
አዎ እንደሚሉ,Literal ,1
ዘጠኝ ጠጥቶ አስር የወደደ በሙሉ ተናደ,Proverb,2
ካልፈላ አይገነፍል ካልተጣደ አይበስል,Proverb,2
ማህበራዊ ግንኙነት,Literal ,1
ድንቄም ሰለጠነች,Idiom,0
ታይላንድ ተሻግረው,Literal ,1
ቀጣይ ሳምንት እሮብ ነው,Literal ,1
በመከባበር የኖረውን ህዝብ,Literal ,1
እግረ ነጭ,Idiom,0
የመጀመሪያው ወሰነ,Literal ,1
የሆነ አላማ,Literal ,1
ዘንግ ከተተከለ ልብ ተከፈለ,Proverb,2
ውሻ በሰፈሩ ጅብ ነው,Proverb,2
የማያድግ ጥጃ ከበሬ ፊት ይነጫል,Proverb,2
እንጀራውን ይጋግራል,Idiom,0
ጥዋ ተርታ,Idiom,0
አይኑ ቀላ,Idiom,0
ቁጥብ,Idiom,0
ምርጫ,Literal ,1
የመጣበትን ለቅሶ,Literal ,1
እራስ የሌለው,Idiom,0
መቀነትሽን አጥብቂ,Idiom,0
ሁን ያለው ይሆናል,Idiom,0
አይኑ ተሸነፈ,Idiom,0
ይቀለኛል,Idiom,0
ናላ ቢስ,Idiom,0
ወገቤን አለ,Idiom,0
አትክልት አልበላም አለ,Literal ,1
ምስጢር አወጣ,Idiom,0
ራሱን ቻለ,Idiom,0
ራዕይ,Literal ,1
ሁሉ እውነት እንዴት ይወራል,Literal ,1
ጥዶ ዘለል,Idiom,0
ዝምታ ራሱን የቻለ መልስ ነው,Proverb,2
የቡና ስባቱ መፋጀቱ,Proverb,2
ራስ ሳይጠና,Idiom,0
ጠላ ካሰከረው ወተት ያሰከረው,Proverb,2
እርሙን በላ,Idiom,0
የወገብ ቅማል,Idiom,0
አጥብቆ ጠያቂ የእናቱን መሞት ይረዳል,Proverb,2
ታላረፋ መከራ ነው ትርፉ,Proverb,2
ህግን ያልተከተለ ነው,Literal ,1
ሆድ ሆዴን አለኝ,Idiom,0
የሰው አይን ሆነበት,Idiom,0
ኑሮ በዘዴ ጾም በሁዳዴ,Proverb,2
አበበ ሄደ,Literal ,1
ለመገናኘት ያብቃን,Literal ,1
ልብ አውልቅ,Idiom,0
የሰው ሰው,Idiom,0
የሰው እጅ አየ,Idiom,0
ተጽዕኖ,Literal ,1
ወደ ገጠር,Literal ,1
አምላክን ወለደች,Literal ,1
አጉል መንፈራገጥ ለመላላጥ,Proverb,2
በሰራዊት የታገዘ,Literal ,1
በተለያየ ምክንያት,Literal ,1
እናት ፓርቲ,Literal ,1
ሊያባልግ ይችላል,Literal ,1
ይህ ሁሉ ጠባሳ ባንቺ የተነሳ,Proverb,2
ደም አፍይ,Idiom,0
ህሊና ቢስ,Idiom,0
ዘምቶ ያረጀ በልቶ ያፈጀ,Proverb,2
ቅስም ሰባሪ ነገር አይኖርም,Idiom,0
የተለየ ተሰጥኦ,Literal ,1
ተካሂደው ነበር,Literal ,1
ራሱን ቻለ,Idiom,0
ጊዜ ሲከዳ መሬቱ ያድጣል,Proverb,2
ነገሮችን አያወሳስቡ,Literal ,1
ቁና ቁና ተነፈሰ,Idiom,0
የነፋክክር ቤት ሳይዘጋ ያድራል,Proverb,2
ዛሬም ይቅርታ,Literal ,1
የማይመቱት ልጅ ሲቆጡት ያለቅሳል,Proverb,2
ሲጥ አደረገው,Idiom,0
ተወፈሩ ፈጣሪን አይፈሩ ሰውን አያፍሩ,Proverb,2
ሜክሲኮ,Literal ,1
በሽታ ተነሳ,Idiom,0
እድሉን መሞከር,Literal ,1
ውሀ ምን ያስጮኸዋል ድንጋይ,Proverb,2
ከመጽሐፍ ቅዱስ የወጣ,Literal ,1
የወንዝ ልጅ,Idiom,0
ዝም ባለ አፍ ዝምብ አይገባበትም,Proverb,2
ውሻ አይብላሽ ጥል,Idiom,0
ዘሩ የጣቴ ምድሩ ያባቴ,Proverb,2
ቀይ ሽንኩርት,Literal ,1
በእጁ ነፍስ አሳለፈ,Idiom,0
ምላሱን አሾለ,Idiom,0
የመጣሽበት መንገድ,Literal ,1
እድለኛ ነኝ,Literal ,1
ዘመን የሚወልደውን ንጉስ የሚፈርደውን የሚያውቅ የለም,Proverb,2
ጨረቃ ብትደምቅ አትሞቅ,Proverb,2
እንባህን እንዲጠርጉ,Literal ,1
ተከፈት ያለው ጉሮሮ ጦም አያድርም,Proverb,2
ሲስሟት ቀርቶ ሲስቧት,Proverb,2
ሲማማሩ ነበር,Literal ,1
ሚሊተሪው ቦታው ድረስ,Literal ,1
የሕግ የበላይነትን,Literal ,1
ተእጅህ አትጣ,Idiom,0
ሁለት ቁና ሰጥቼ አንድ ጥንቅል,Proverb,2
ለወሰኑ ሟች,Idiom,0
ታሳውቁን ዘንድ,Literal ,1
አንገቱን ረገጠው,Idiom,0
ትክክል,Literal ,1
ሰው አደረገው,Idiom,0
ሌባ ዝናብ,Idiom,0
እንዲቆጠቡ,Literal ,1
ሴት የላከው ሞት አይፈራም,Proverb,2
ሁለት ጉድጓድ ያላት አይጥ አትሞትም,Proverb,2
ድህነት ሰለጠነ,Idiom,0
መከራ ስጋ,Idiom,0
ቁጣየን ቀሙኝ,Idiom,0
ቸንቧ ቸንቧ አለ,Idiom,0
ጸሎት በጽሞና ነገር በደመና,Proverb,2
የፍልስፍናና ሃይማኖት መደባለቅ,Literal ,1
አውቀው በድፍረት ሳያውቁ በስህተት,Proverb,2
እብድ የያዘው መልክ አይበረክትም,Proverb,2
ዕቅድሽ,Literal ,1
አህል የቀመሰች አትመስልም,Idiom,0
ቢክ እስኪብርቶ,Literal ,1
ንጋትና ጥራት እያደር ይታያል,Proverb,2
ልብ አድርቅ,Idiom,0
የረጋ ወተት,Idiom,0
ምድር መታች,Idiom,0
አይን አዋጅ ሆነበት,Idiom,0
አንገተ ሰባራ,Idiom,0
ለአርባ ምንጭ ሆስፒታል,Literal ,1
ስራም አይዝ,Idiom,0
ተመዝግበው,Literal ,1
ትምህርት በራሱ ልማት ነው,Literal ,1
መፍትሄ ሰጭ,Literal ,1
የማርያም ምሳ,Idiom,0
ቁም ለቁም,Idiom,0
አድርጋችሁ,Literal ,1
አጉራህ ጠናኝ,Idiom,0
አያይዣለሁ,Literal ,1
ነገር ቢበዛ ባህያ አይጫንም,Proverb,2
ለእንጀራው ሲል,Idiom,0
በፊታቸዉ በኋላቸዉ,Literal ,1
አይን መግለጥ,Proverb,2
ላይ ላዩን ሄደ,Idiom,0
ንክ,Idiom,0
ለአፍ የሚከብድ ነገር,Idiom,0
የፈሲታ ተቆጢታ,Idiom,0
አፈር በተነ,Idiom,0
ላብ ላብ አለው,Idiom,0
የጥርስ ስጋ,Idiom,0
ፍየሏን እንደ በግ,Idiom,0
ለኔ አንተ ዝምብ ነህ,Idiom,0
ስጋዊ,Idiom,0
የማብሰያ ክፍል,Literal ,1
ጥያቄ ይሄ ነው,Literal ,1
አየር መዛባት,Literal ,1
ሀብታም ለሀብታም ይጠቃቀሱ ድሀ ለድሀ ይለቃቀሱ,Proverb,2
የድሀ ቅንጡ እንጀራ ሲሰጡት ይላል ድልህ አምጡ,Proverb,2
በነገው ዕለት,Literal ,1
አሸቦ ፊት,Idiom,0
የቀን ጅብ,Idiom,0
ብልግናዎች ተመልክቻለሁ,Literal ,1
አመድ በዱቄት ይስቃል,Proverb,2
በጋለሞታ ቤት ሁሉ ይጣላበት,Proverb,2
ጠላው ሌላ ሌላ አለ,Idiom,0
አሳቢዬ,Idiom,0
መልዕክታቸውን አስተላልፈዋል,Literal ,1
ያልወለደ አጋድሞ አረደ,Proverb,2
የሚሰጠው ዓርብ,Literal ,1
እንደሚቀጥሉ ዛቱ,Literal ,1
ሆደ ማጭድ,Idiom,0
ንፍጥ ለባለቤቱ ቅቤ ነው,Proverb,2
ምስል አፍሳሽ,Idiom,0
የባንኩ ፕረዜዳንት,Literal ,1
ብረት ድስት,Literal ,1
ሰረገላ ገባ,Idiom,0
ዱላ ይዞ ሌባን መጠየቅ,Proverb,2
ማህበረ ቅዱሳን,Literal ,1
ምላሱን አሾለ,Idiom,0
ቁሳዊ ስኬት,Literal ,1
አንበጣ መታዉ,Literal ,1
ባዶ እጅ ቀረ,Idiom,0
በነገር ተሸረከተ,Idiom,0
የክፋትህ እርሾ,Literal ,1
የልብህንም ሰዎች ታጣለህ,Literal ,1
አማታ,Idiom,0
ተከበሩ ሰው አይፈሩ,Proverb,2
አራስ ነብር,Idiom,0
አንዱን እናርቅ,Literal ,1
ጥል ያለሽ በዳቦ,Proverb,2
ዘንዶ ማገር,Idiom,0
አለሌን በጉማሬ መንገድን በወሬ,Proverb,2
የስራ ወቅት,Literal ,1
የትውልድ ቦታ,Literal ,1
መለዮ ኮፍያ,Literal ,1
ማተበ ቢስ,Idiom,0
በዛብህ ስንብቱን,Literal ,1
እብድና ሰካራም የልቡን ይናገራል,Proverb,2
ሁለት ልብ አትሁን,Idiom,0
እንደድሮሽ ብታማክሪኝ,Literal ,1
መምህራን,Literal ,1
መጥኔው ይስጥሽ,Idiom,0
ማን ያውራ የነበረ ማን ያርዳ የቀበረ,Proverb,2
ዝምተኛ ሰዉ,Literal ,1
እርቀ ስላም አውርደዋል,Literal ,1
ሰፖርታዊ ጨዋነት,Literal ,1
የምድር አዋቂ,Idiom,0
ፍአሲል ሲፈርስ ጎንደር ይታረስ,Proverb,2
ሰማይ ዳሴ,Idiom,0
ወዝ አደር,Idiom,0
አይኑን ከደነ,Idiom,0
እንጀራ ዘጊ,Idiom,0
የአህያ ባል ከጅብ አያስጥል,Proverb,2
አይኔን አታስቀው ጥርሴስ ልማዱ ነው,Proverb,2
ሐሰተኛ የሐሰትም አባት ነው,Literal ,1
ልብ አክስል,Idiom,0
ዘመድ ቢረዳዳ ችግርም ባልጎዳ,Proverb,2
ልብስ የምታጥብልኝ,Literal ,1
የወንድም ልጅ ባይወልዱትም ልጅ,Proverb,2
ሽንታም,Idiom,0
እኔም እበረታለሁ,Literal ,1
ቅፍፍ ያለ,Idiom,0
ወይ አበዳሪ ወይ ተበዳሪ ይሞታል,Proverb,2
የአማራ መነሻ,Literal ,1
አሳማ ሆድ,Idiom,0
ትልከዉ አሽከር የላትም,Literal ,1
ቀንደኛ,Idiom,0
ንገረው ንገረው እምቢ ካለ መከራ ይምከረው,Proverb,2
ቀይ ስር,Literal ,1
ልበ ቢስ,Idiom,0
አፍላ ጊዜ,Idiom,0
ለመሻገር አሻግሮ  ማየት,Literal ,1
ለዛ ሙጥጤ,Idiom,0
በህልሙ እሚያቅፍ,Literal ,1
አፍኖ ይይዘናል,Literal ,1
አውድማን ረገጠ,Idiom,0
ሁለት ምላስ,Idiom,0
ከአመታት በፊት,Literal ,1
መቼ ጠፋኝ,Idiom,0
ዛሬም በአማራ,Literal ,1
ቆማ ቀር,Idiom,0
ውሃ በማጠጣት,Literal ,1
በትምህርት ወቀረ,Idiom,0
ራሳቸውን ያገኙታል,Literal ,1
አብስሎ መብላት በእሳት,Proverb,2
የሰው እንኩቶ,Idiom,0
ጆሮ እዳውን አይሰማም,Proverb,2
ሚዛናዊ አመለካከት,Literal ,1
ሰልፍ አበላሽ,Idiom,0
ያገልግሎት ጊዜ,Literal ,1
በጋራ የሁለቱ ሀገራት ተወካዮች,Literal ,1
ድሀ ሲንቀባረር ያለቀሰ ይመስላል,Proverb,2
ግለሰብ ላይ የደቦ ፍርድ,Literal ,1
ገበታ ሰራ,Idiom,0
ሰው ውድ ፍጠር ነው,Literal ,1
ነወር አለ,Idiom,0
ጥቁር ካልሲ,Literal ,1
ወልጄ አላክሁ መንኩሼ አልጸደቅሁ,Proverb,2
እግረ ርጥብ,Idiom,0
የሴት ልቧ እንጂ ሆዷ አይመርጥም,Proverb,2
ስር ያዘ,Idiom,0
ሰርግና ምላሽ,Idiom,0
እሱ ባለዉ አይገኝም,Literal ,1
መኖሪያ ቤት,Literal ,1
ቀንና ሰዓት,Literal ,1
የመውጫ ፈተና,Literal ,1
ይህች ልጅ,Literal ,1
ሙሉ ሀብት,Literal ,1
ፍቅር ይሉኝታዋን,Literal ,1
በሞኝ ክንድ የዘንዶ ጉድጓድ ይለኩበታል,Proverb,2
ጥራዝ ነጠቅ,Idiom,0
አትበሳጭ,Literal ,1
አኬሩን መገልበጥ,Literal ,1
ልቡን ቆረቆረው,Idiom,0
ልብ ነሳ,Idiom,0
ውሀ ሲደርቅ ይሸታል ሰው ሲከዳ ይወሸክታል,Proverb,2
የተወለደበትን ቀን አስቆጠረው,Idiom,0
ቀልበ ደረቅ,Idiom,0
ዝምታ ለበግም አልበጃት,Proverb,2
በጦር ሸከሸከው,Idiom,0
ልናስብ እንችላለን,Literal ,1
ሺ ዝንብ መሶብ አይከፍትም,Proverb,2
አፍሮ እስያ,Literal ,1
የፎቶ ምንጭ,Literal ,1
ሽሮ ወጥ,Literal ,1
ሆዳም ፍቅር አያውቅም,Proverb,2
ሀገራቸው መመለሳቸው,Literal ,1
ሁለት ልብ,Idiom,0
ተደፈርን በሚል ስሜት,Literal ,1
ዘፈን አልሰራችም,Literal ,1
ሌሊት አይደለም,Literal ,1
ፈገግታዋ ገደለኝ,Idiom,0
ላይኞች,Idiom,0
ኧረ ሳቄ ናልኝ ጥርሴስ አመሉ ነው,Proverb,2
ሴት አስረካሽ,Idiom,0
ጽዋ በተርታ ስጋ በገበታ,Proverb,2
መልካም ባል መጥፎ ሴት ይገራል,Proverb,2
የልጅ መልከ ጥፉ በስም ይደግፋ,Proverb,2
ማሰብ ነው,Literal ,1
ሀሳብ ተሰነቀረብኝ,Idiom,0
ህይወታቸው ምን ይነግረናል,Literal ,1
ህግ አዉጭ,Literal ,1
ሸኚና ጥላ ቤት ኣይገባም,Proverb,2
ውሀ ጭስና ክፋ ሴት ሰውን ያባርራሉ ከቤት,Proverb,2
አይን አውጣ,Idiom,0
ሳይንስ,Literal ,1
ሆድን በጎመን ቢደልሉት ጉልበት በዳገት ይለግማል,Proverb,2
ትምሀርት የማያልቅ ምርት,Proverb,2
ከጥንት ጀምሮ,Literal ,1
አህያ ለሰርዶ ባላገር ለመርዶ,Proverb,2
ያላቸው ታማኝነት,Literal ,1
መግቢያ ፈተና,Literal ,1
ውጣ ያለው ገንዘብ ግርግዳ ሲጭር ያድራል,Proverb,2
ያህያ ባል ቀለበት አያስርም,Proverb,2
ምንጭር ቆራጭ,Idiom,0
መቀነቷ ተፍቷል,Idiom,0
የትብብር ደብዳቤ ማያያዝ,Literal ,1
ከአህያ የዋለች ጊደር ፈስ ተምራ መጣች,Proverb,2
የማልጨርሰው,Literal ,1
በሞተ ከዳ,Idiom,0
አይን አፋር,Idiom,0
ማላ አፈረሰ,Idiom,0
የሚያድግ ልጅ አትበድል የሚሞት ሽማግሌ አታቅል,Proverb,2
ወንድ አይደለሁም,Idiom,0
አስተዋይ ሁን,Literal ,1
ወጥሮ ያዘው,Idiom,0
ወሰድ ያደርገዋል,Idiom,0
እግር መመለሻ,Idiom,0
ባርያና ቃርያ ጌታውን እንዳቃጠለ ይኖራል,Proverb,2
አቅለ ቢስ,Idiom,0
ጭቅጭቁ እንባ ቀረሽ ነበር,Idiom,0
እሾህን በእሾህ,Proverb,2
ልበ ልል,Idiom,0
ጎመን ዘር,Literal ,1
ነገር ነገርን ያመጣል ድግር አፈር(ን) ያወጣል,Proverb,2
ሲያስተላልፉ ይታያሉ,Literal ,1
ምክንያት ግልጽ ነው,Literal ,1
አባይ ማደሪያ የለው ግንድ ይዞ ይዞራል,Proverb,2
ላያዘልቅ ጸሎት ለቅስፈት,Proverb,2
ዘመድና እሳት በሩቅ,Proverb,2
የተቆፈረ አፈር ሲሆን,Literal ,1
የሌሊት  ወፍ,Literal ,1
አደራ አለብኝ,Literal ,1
መሬት አስላሰ,Idiom,0
አፈር ሆነ,Idiom,0
የቤት እቃ,Literal ,1
ቶሎ በሉ,Literal ,1
ኖረሽ አልጠቀምሽን ሞተሽ አለቀቅሽን,Proverb,2
ክፉ ምግባር,Literal ,1
ለካህን ጥምቀት ለገበሬ ግንቦት,Proverb,2
ከቁንጫ መላላጫ ያወጣል,Proverb,2
ጎጃም አዘነ ለብሷል,Literal ,1
ወፌ ቆመች,Idiom,0
ቅቤ ጠባሽ,Idiom,0
ለአይነ ስውር መስተዋት,Proverb,2
ውጭ አገር መሄድ እፈልጋለሁ,Literal ,1
ብው በሎ ታይቷል,Literal ,1
ዘመድና ዋንጫ እያለቀሰ ይመጣ,Proverb,2
የቀበሮ ባህታዊ,Proverb,2
ልዩ ፈተና ያመጣብናል,Literal ,1
ሀያል ሰው,Literal ,1
ዘመዱን ያማ እራሱ ገማ,Proverb,2
ደረጃ ላይ ይገኛል,Literal ,1
ተምሳሌተ ብዙ,Idiom,0
ተራራ መውጣት,Literal ,1
ጥሩ ፊት ነፈገ,Idiom,0
አርፈህ ተቀመጥ,Idiom,0
መብራት ጠፋ,Literal ,1
የጊዜ ገደብ,Literal ,1
ወንጌል መስበክ ጀመርሁ,Literal ,1
ዝናብ ለዘር ጠል ለመኸር,Proverb,2
ሚሊተሪ የደረሰባቸው,Literal ,1
ፋሲል ከነማ ውስጤ ነው,Literal ,1
ይፋዊ ውይይት,Literal ,1
ለጋ ደመና,Idiom,0
ዳግማዊ ቴዎድሮስ,Literal ,1
ተቆርጦ የምትወደዉን,Literal ,1
የማይሆን ነገር,Idiom,0
እህልን አላምጦ ነገርን ኣዳምጦ,Proverb,2
አውራ ምስክር,Idiom,0
ዉሀ ሊያንስ ሲል ይገማል ሰው ሊያንስ ሲል ይኮራል,Proverb,2
ተውኔት,Literal ,1
ገብተው አላወኩም,Literal ,1
አመዳም,Idiom,0
ዘመድ ሲፈራ ላሊበላ ሲኮራ,Proverb,2
ሸብሸብ አደረገ,Idiom,0
የተናቀ ያስረግዛል,Proverb,2
የዓለማችን ሀገራት,Literal ,1
በውቃቢህ,Idiom,0
ወገብ የለሽ,Idiom,0
የማይቻል ጠላት ስለ ወዳጅ ይቆጠራል,Proverb,2
ሰማኛ ከነዳ,Idiom,0
ይሁን,Idiom,0
ዳኝነቱን አነሳ,Idiom,0
አይን አር,Idiom,0
የነጋበት ጅብ,Idiom,0
ያባትህ ቤት ሲዘረፍ አብረህ ዝረፍ,Proverb,2
ልበ ቀላል,Idiom,0
ከመቶ ሀምሳ ዳዊት የልብ ቅንነት,Proverb,2
መሰንቆ መታ,Idiom,0
የሚሰርቀውን ያጣ ተሳድቦ ይሄዳል,Proverb,2
ሁላችንም,Literal ,1
አንገት የሌለው,Idiom,0
ፊቱን አዙሮ ሄደ,Idiom,0
ቁመተ ዶሮ,Idiom,0
ነገር ጫሪ,Idiom,0
ደዌ ነፍስ,Idiom,0
መዘጋጃ ቤት,Literal ,1
አህያ ለአህያ ቢራገጥ ጥርስ አይሳበር,Proverb,2
አስፈላጊ የሆነ,Literal ,1
ያልታረመ አፍ ከዋንጫ ይሰፋል,Proverb,2
ወልደውት ያላሳረፈ ነግሮ ያላተረፈ,Proverb,2
ፈረስ ቢጠፋው ኮርቻውን ገልቦ አየ,Proverb,2
ለገበሬ ሰዉ,Literal ,1
ኢትዮጵያውያን በሰጡን ቃል,Literal ,1
ላም በረቱን የሰው ልጅ አባቱን አይረሳም,Proverb,2
ሰውነቴን ነዘረኝ,Idiom,0
ነገሬን በጭቃ ውስጥ ጎተተው,Idiom,0
የሰው ፈላጊ የራሱን ያጣል,Proverb,2
በደረሰው አሳዛኝ,Literal ,1
አይን አይቶ ልብ ይፈርዳል,Proverb,2
መማር ማስተማር,Literal ,1
ቀሪቦ,Idiom,0
ከአንገት በላይ ሳቅ ያስታውቃል,Idiom,0
አሳሩን ጠፈጠፈ,Idiom,0
ሰርአት አልበኝነት,Literal ,1
እውቀት,Literal ,1
አላዋቂ ሳሚ,Idiom,0
እናቲቱ  ማሪያም,Literal ,1
የግል ንጽህና,Literal ,1
ከአንዲሮቹ ሁሉ,Literal ,1
አፍህ ይጡም,Idiom,0
የነገር ቋት,Idiom,0
አትጠራጠሪ,Literal ,1
አባጣ ጎባጣ,Idiom,0
የሚያሰራጩ,Literal ,1
ንግድ ስራዉ,Literal ,1
ቁም ነገር,Literal ,1
የኔ ሽታ,Idiom,0
ምርር አለ,Idiom,0
ጾም ገዳፊና ሰው ጠባቂ ለጥቂት ይሳሳታል,Proverb,2
ድሀ ተበድሎ ማሩኝ ይላል ቶሎ,Proverb,2
ተስፋ መቁረጥ,Literal ,1
እንግዳ ቁርበት,Idiom,0
ከመጀመር ውጪ,Literal ,1
መታዘብ ትችላላችሁ,Literal ,1
ልታለቅስ ይገባታል,Literal ,1
መድረሳቸውን ገልጸዋል,Literal ,1
የጸሎት መጽሐፍ,Literal ,1
አፉ ተሸበበ,Idiom,0
የሰው ክፋት,Literal ,1
ቤተሰብ,Literal ,1
ለመሸፈን ተጣጣረ,Literal ,1
ገና ዘንቦ ገና ተባርቶ,Idiom,0
እንቅልፍ ይስባ,Idiom,0
ቁርባን,Idiom,0
መምህሩ አስተማረ,Literal ,1
ትንሽ ምላጭ አገር ትላጭ,Proverb,2
በሽታው ቀለለው,Idiom,0
ዕድላቸው የጠበበ ነው,Literal ,1
ባለኩል,Idiom,0
እያሰሙ ይገኛሉ,Literal ,1
ንፋስ መውጫ,Literal ,1
ድጋፍ ማግኘቱ,Literal ,1
ክረምትና ወላድ ሲጠሉት ያከብራል,Proverb,2
ስልጣን የሌለው አንድም ሰው,Literal ,1
ክተት ሰራዊት,Idiom,0
የሚያስተላልፉ,Literal ,1
እወዳለሁ,Literal ,1
አይ ቤት ነው,Literal ,1
አምጥቶኛል,Literal ,1
ሀብተ ስጋና ሀብተ ነፍስ ይስጥህ,Idiom,0
ሆዴ በልጦኝ አያውቅም,Idiom,0
ችኩል ቅቤ ያንቀዋል,Proverb,2
የነካካው እንጀራ,Idiom,0
ቅዱስ ሀሳብ,Literal ,1
ብርቅና ድንቅ አላንድ ቀን አይደምቅ,Proverb,2
ሲፈጥራት ነው የዋለው,Idiom,0
ቂም በቀል,Idiom,0
ነብር አየኝ በል,Proverb,2
መከራ ቀመሰ,Idiom,0
ራሱን ሳመ,Idiom,0
ዘመድና ሳንቲም ከመንገድ ወድቀው ሳንቲሙን እነሱ ዘመድን ጥለው,Proverb,2
ውሸት በኢትዮጵያ ቦታ አይኖራትም,Literal ,1
ሀብተ ስንኩል,Idiom,0
የሆድ ምቀኛው አፍ ነው,Proverb,2
ነበፍስ ደረሰ,Idiom,0
ፈቃደኛ,Literal ,1
ከመጤፍ አይቁጥርም,Idiom,0
የሰይጣን ፈረስ,Idiom,0
እንዳይነሳ የለ,Idiom,0
አፉን አቆመ,Idiom,0
ክፍለ ከተማ መስራት ይችላል,Literal ,1
ልጅ እግር,Idiom,0
ጁህ ቀደደ,Idiom,0
ካንገት በላይ,Idiom,0
የዘመድ ጥል የስጋ ትል,Proverb,2
ልቡ ቆመ,Idiom,0
ሁሉም ሰው ነቅቷል,Literal ,1
ለአለቃ ይሾራል,Idiom,0
አጋም አዙርበት,Idiom,0
ሰማይ ጠቀስ,Idiom,0
ዛሬስ ምን ይባል,Literal ,1
ልቡ አብጧል,Idiom,0
ግር ግር አልወድም,Literal ,1
ለሰው ብሎ ሲያማ ለኔ ብለህ ስማ,Proverb,2
ስሰጥ,Literal ,1
ምን አግዶኝ,Idiom,0
በሀይል ተመነጠቀ,Idiom,0
ጠፍ ያለች ሴት ናት,Idiom,0
የለበሱት ያልቃል የሰጡት ያጸድቃል,Proverb,2
ወስፋቱ ተከፈተ,Idiom,0
እመቤት አልነበረችም,Literal ,1
አሉታዊ ትርጉም,Literal ,1
እጁ ንጹህ አይደለም,Idiom,0
ያለሽኝ አንቺ,Literal ,1
በህክምና ስህተት,Literal ,1
ሰነፍ ቆሎ,Idiom,0
በሰፈሩት ቁና,Idiom,0
ለጥቂት ጊዚያት,Literal ,1
የቤቴ መቃጠል ለትኋኔ በጀኝ,Proverb,2
አትልከፈኝ,Idiom,0
ቆሌያም,Idiom,0
ሆዴ አታጣላኝ ከዘመዴ,Proverb,2
ልፋ ያለው በህልሙ ሲሸከም ያድራል,Proverb,2
በመስታወት ቤት የሚኖር,Literal ,1
ቤተ ክርስቲያን,Literal ,1
ታጥቦ ጭቃ,Idiom,0
እግዚአብሔር ይሰጣል,Literal ,1
ሰውነቱ እሳት ሆኖአል,Idiom,0
ፍቅር,Literal ,1
ሆድ ለሆድ,Idiom,0
የአፍሪካውያን የኩራት ቀን አደረሳችሁ,Literal ,1
ጨው ለራስህ ብለህ ጣፍጥ,Proverb,2
ቅስናውን አፈረሰ,Idiom,0
ምላስ አወጣ,Idiom,0
ዋጋ ቢስ,Idiom,0
ጠላው ተቆጣ,Idiom,0
ትለብሰው የላት የምትከናነበው አማራት,Proverb,2
የአፍ ወለምታ,Idiom,0
አይን ህመም ልግም ይወዳል,Proverb,2
ቆዳ መሬት,Idiom,0
ህግ ተላለፈ,Idiom,0
የመረጥናቸው ነገሮች ናቸው,Literal ,1
መማለጃ በላ,Idiom,0
የበላይ እና የበታች,Idiom,0
ባጭር አስቀረ,Idiom,0
ደስተኛ ነች,Literal ,1
ሹመት በተርታ ስጋ በገበታ,Proverb,2
ሆደ ሰፊ,Idiom,0
ቀን እስኪያልፍልሽ ያባትሽ ሎሌ ያግባሽ,Proverb,2
ሆደ ባሻነቱ አሁንም አለቀቀውም,Idiom,0
ቁም ስቅል አሳየ,Idiom,0
በጫጩት ፊት ስለ ፈንግል አይወራም,Proverb,2
ቂጡ ወልቋል,Idiom,0
ነጭ ለባሽ,Idiom,0
ጠዋት መነሳት,Literal ,1
ስሕተት,Literal ,1
ልበ ጎረምሳ,Idiom,0
ደመና ለዝናብ ድግስ ለሆዳም,Proverb,2
አባ ይረባ,Idiom,0
የወንድ ልጅ ሞት ያደረገውን የዘነጋለት,Proverb,2
መኸሩ ሳተ,Idiom,0
ልቡን ሰጠው,Idiom,0
ገጸ በረከት,Idiom,0
አይነ ገብ,Idiom,0
አይኑ ሞቷል,Idiom,0
የሰው አገር,Idiom,0
ሰዉ ወደደ,Literal ,1
ትምህርት ተማረ,Literal ,1
ያልተለመደ ግጭት,Literal ,1
ውሀ ሲጎድል ተሻገር ዳኛ ሲገኝ ተናገር,Proverb,2
አንጀት ለአንጀት,Idiom,0
የትውልድ ቅብብሎሽ,Literal ,1
ዳኛዉ ነገሩን ተቀበለ,Literal ,1
ንፍቀ ክበብ,Literal ,1
ወሽመጡ ተበጠሰ,Idiom,0
አንተ አትስቅበትም,Literal ,1
ዘጠኝ ሞት መጣ ቢሉት አንዱን ግባ በለው አለው,Proverb,2
ሰው የዘራውን ያጭዳል,Proverb,2
እኔ ከሞትኩ ሰርዶ አይብቀል,Proverb,2
ማጠፊያው አጠረው,Idiom,0
ለፍየል ህመም በሬ ማረድ,Proverb,2
ለልጅ ሲሉ ይበሉ ለወዳጅ ሲሉ ይጠሉ,Proverb,2
ጥቂት ገንዘብ,Literal ,1
ሲያዩት የሚያስደነግጥ ሰው ነው,Idiom,0
ልጅህ እንደእናቷ ሆነች,Idiom,0
ስሙን መነዘረው,Idiom,0
ደካማ ጎን,Literal ,1
ስማቸዉን ሲረሱባቸዉ,Literal ,1
ቆሽቱ አረረ,Idiom,0
ጠላ ቤት,Literal ,1
ትለምደዋለህ,Literal ,1
ማሸነፍ አለብኝ,Literal ,1
አልሰሜን ግባ በለው,Proverb,2
ብይ መጫወቻ,Literal ,1
ኮርስ መስጠት አለበት,Literal ,1
ገበያው ህገ ወጥ ሰው ይበዛበታል,Literal ,1
የሰጠ ነው,Idiom,0
አመሠግናለሁ,Literal ,1
አፋሽ አጎንባሽ,Idiom,0
ውሻ በቀደደው ድመት ተከተለች,Proverb,2
ሳት አደረገ,Idiom,0
የተጀመረ ሲሆን,Literal ,1
የወሬ ቋት,Idiom,0
ሰላም ውድ መምህራን,Literal ,1
ቀልደኛ አልቅሶ ካልተናገረ የሚያምነው የለም,Proverb,2
ሲሆን,Idiom,0
የሰማይ ቁጣ,Idiom,0
ነገር ሻጠብኝ,Idiom,0
እህልን በጥቅምት ልጅን በጡት,Proverb,2
አስተምህሮ ተቀባይነት የሌላቸው,Literal ,1
በጠረጴዛ ዙሪያ ፍቱ,Literal ,1
ምግብ የምትሰራልኝ,Literal ,1
በባለፀጋ ልጅ,Literal ,1
አንዳንድ ሙስሊም ነን,Literal ,1
ካያያዝ ይቀደዳል ካነጋገር ይፈረዳል,Proverb,2
ትሻልን ትቼ ትብስን አገባሁ,Proverb,2
አለም አታላይ አንደ በቅሎ ኮብላይ,Proverb,2
አጋራችኋለሁ,Literal ,1
ባህላዊ ዘፈን,Literal ,1
ነገ ጠዋት ይገባሉ,Literal ,1
በመጦሪያ እድሜያቸው,Literal ,1
አዋቂ ሲበዛ በሽተኛ ይሞታል,Proverb,2
ዘርፈ ብዙ,Literal ,1
ወሸባ ገባ,Idiom,0
መሬት ቁና ሆነ,Idiom,0
ደጀኑን ሰበረ,Idiom,0
እቃዬን,Idiom,0
የጉም ሽንት,Idiom,0
አየር ሀይል,Literal ,1
ውሀ ሲወስድ እያሳሳቀ ነው,Proverb,2
ዘረፋና ቀን ካልተሻሙበት ያልቃል,Proverb,2
የወለደች የከበደች,Idiom,0
የወንዶች ባል አይተህ ማር,Proverb,2
ምን አልባት ጊዜያችን,Literal ,1
አንጀተ ጥኑ,Idiom,0
ግብረ መርፌ,Idiom,0
የፍቅር ግንኙነት,Literal ,1
ሀ ባሉ ደሞዝ በሉ,Proverb,2
ትኩስ ፍቅር,Literal ,1
ልበ ድፍን,Idiom,0
ሚዲያ ዋና ክፍል ነው,Literal ,1
በእኔና በእርሱ መካከል ነቅ ገብቷል,Idiom,0
ነብር የሞተለት ፍየል ልጅዋን ትድራለች,Proverb,2
መግቢያ መውጪያ,Literal ,1
ሸለተ,Idiom,0
ጆሮ ዳባ ልበሰ,Idiom,0
ውል አያወላውል ምላት አያሻግር,Proverb,2
የልቤን እውነት አፍኜ የምከተልህ,Literal ,1
አለንጉስ ሰላም አለ ደመና ዝናብ የለም,Proverb,2
የምላስ ጦረኞች,Idiom,0
የሚያግዛቸው,Literal ,1
እኔን እስካልነካኝ,Literal ,1
ምክር ቢጤ,Literal ,1
የምጥ መድሀኒቱ አንድ እግር ማስቀደም ነው,Proverb,2
የዜግነት ክብር,Literal ,1
አመረረ,Idiom,0
ቄስ ለኑዛዜ ፍቅር ለሚዜ,Proverb,2
የጎረቤት ጓዳ,Literal ,1
ኃይለኛ እሆናለሁ,Literal ,1
ያልሰማ ጆሮ,Literal ,1
ክብረ ንጽህና,Idiom,0
በፍጹም የለበትም,Literal ,1
መንገዱ አያስሄድም,Idiom,0
ለገበያ እንዲቀርቡ ፈቃድ ልትሰጥ ነው,Literal ,1
ሰውን ማመን ቀብሮ አለች ቀበሮ,Proverb,2
ይሉኝታ ቢስ,Idiom,0
ሴት ሲበዛ ጎመን ጠነዛ,Proverb,2
በግልባጭ አስታውቀዋል,Literal ,1
ተረከዘ ሎሚ,Idiom,0
መልካም ወጤት,Literal ,1
በልክ በልተህ በልክ ጠጣ,Idiom,0
ተላላፊ,Idiom,0
ከካም,Idiom,0
ድፍረት የተሞላበት,Literal ,1
ማንነት ተረጋገጦ,Literal ,1
ለጌታም ጌታ አለው,Proverb,2
ሿ አለ,Idiom,0
ልበ ተራራ,Idiom,0
እግር ተፈረስ,Idiom,0
የእንጨት ምንቸት,Idiom,0
መግቢያ ፈተና,Literal ,1
የሽማግሌ ፍቅር እና የክረምት አበባ አንድ ነው,Proverb,2
ሲዘበራረቅብኝ ይታወቅኛል,Literal ,1
እጅ እጅ አለ,Idiom,0
ዱር ቤቴ,Idiom,0
ቅማል እንኳን ባቅሟ ጥብጣብ ታስፈታለች,Proverb,2
ጥቃት ማለፉ,Literal ,1
እንኳን ዘንቦብሽ ድሮም ጤዛ ነሽ,Proverb,2
እንዲያ ነው እንጂ,Idiom,0
እጅ ይዘው ያስገቡት እጅ ይዞ ያስወጣል,Proverb,2
ምጣዱ ሰማ,Idiom,0
እስክስታ መታ,Idiom,0
የከርሞ ጥጃ,Idiom,0
የተፈጠረው የሃሳብ አለመጣጣም,Literal ,1
ዝምቡን እሽ የማይል,Idiom,0
አቅመ ቢስ,Idiom,0
አልሙናይ ዳይሬክቶሬት,Literal ,1
ያልዘሩት አይበቅልም,Proverb,2
ድርስ ናት,Idiom,0
ቅፅበታዊ ውጤትን አይጠብቁም,Literal ,1
አታናጥርብኝ,Idiom,0
ጎዶሎ ቀን,Idiom,0
እነገር ውስጥ ማገደው,Idiom,0
ቀጠፈ,Idiom,0
እናትየዋን ሲከጅሉ ልጅቷን ይስማሉ,Proverb,2
ጦም አዳሪ,Idiom,0
ርእሀብ ሞረደው,Idiom,0
ደቂቃ በፊት,Literal ,1
ሰውነተ ቢስ,Idiom,0
ጆሮ ስጠኝ,Idiom,0
ቋቱ ጠብ አለ,Idiom,0
የቅርብ ሩቅ,Idiom,0
አባት የያዘውን ልጅ ይወርሳል እጅ የያዘውን አፍ ይጎርሳል,Proverb,2
ልቡ ቆመ,Idiom,0
ነገሩ ተገለበጠ,Literal ,1
አደጋ ስላየ,Literal ,1
የማይቀርልህን አንግዳ አጥበቀህ ሳመው,Proverb,2
መሆኑ እሙን ነው,Literal ,1
ዝምታ ለበግም አልበጃት,Proverb,2
የቀበሮ ባህታዊ የለም,Proverb,2
አፍለኛ እንጀራ,Idiom,0
ከጎናችሁ ነን,Idiom,0
ለማሳየት ትፈልጋላችሁ,Literal ,1
ከልጅነታችን ጀምሮ,Literal ,1
ልቡ ተደባለቀ,Idiom,0
ለመከራ ሰጠ,Idiom,0
ፖሊቲካዊ እንቅስቃሴዎች ተቋርጠዋል,Literal ,1
ብታናግሩኝ ደስ ይለኛል,Literal ,1
ከውሾች ተጠበቁ,Literal ,1
ፊተ ሰልካካ,Idiom,0
ሴትዬዋን ደፋት,Idiom,0
ግማሹን ተላጭታ ግማሹን ተቀብታ,Proverb,2
ያላገባ ወንድ ነው,Literal ,1
አንገቱን ነቀነቀ,Idiom,0
የቀለም ቀንድ,Idiom,0
ተብሎ ይጠበቃል,Literal ,1
የላቀ ስህተት,Literal ,1
የእናት በደል አይታወቅም,Proverb,2
መካሄዱን ለማወቅ ተችሏል,Literal ,1
ሁለተኛ ስራ,Idiom,0
ተወላጆች ማህበር,Literal ,1
የትኛውንም ዓይነት,Literal ,1
የበይ ተመልካች,Idiom,0
ለይምሰል ስራ,Idiom,0
መዋእለ ንዋይ,Literal ,1
የትናንት አሻራ,Literal ,1
የስጋ ቁራጭ የአጥንት ፍላጭ,Idiom,0
ብቀጥንም ጠጅ ነኝ,Proverb,2
ክንድህን አሳየው,Idiom,0
ሚንስትሩ በኩል,Literal ,1
ዛሬ ማን አለ,Literal ,1
ማን ዘራሽ,Idiom,0
በጎደለ ሞላ,Idiom,0
የሞኝ ለቅሶ መልሶ መልሶ,Proverb,2
ንግግሮች,Literal ,1
ነበር ቤት አይሰራም,Idiom,0
ወይ አታምር ወይ አታፍር,Proverb,2
እንደወረደ አቅርቡት,Literal ,1
በዝርዝር ይዘቱ,Literal ,1
ማሰብ አትችሉም,Literal ,1
ክርና መርፌ,Idiom,0
በዚህ አይነት,Literal ,1
ቢጠሩት አይሰማም,Idiom,0
የሴት ምራቋ ደንዳና ነው,Idiom,0
ጠመንጃው ተራገጠ,Idiom,0
የአንድ ቀን መዘዝ ያለ ዘጠኝ ወር አይመዘዝ,Proverb,2
ሞት ጠራው,Idiom,0
ዱቄት ባመድ ይስቃል,Proverb,2
አመለጠው,Idiom,0
የማይመስል ነገር ለሚስትህ አትንገር,Proverb,2
ክልብስ አደረገ,Idiom,0
ላዳር ሄደች,Idiom,0
በሀዘን ሰጠመ,Idiom,0
ቂም ይዞ ጸሎት ሳል ይዞ ስርቆት,Proverb,2
መላውን ክርስቲያን,Literal ,1
ሴት ልጅ,Literal ,1
ለቅሶ ደረሰ,Literal ,1
የንጹሐን ሕይወት,Literal ,1
ብረት ድስት እገዛለሁ,Literal ,1
አብሮ ማደግ ያናንቃል,Proverb,2
የእረኛ ቃል,Idiom,0
ወግ ለጠጠኝ,Idiom,0
የአእምሮ ጤና,Literal ,1
ባልና ሚስቱ ድር እና ማግ ሆነዋል,Idiom,0
ዘመድና ሚዛን ከወገብ ይይዛል,Proverb,2
ዝሆንና ዝሆን ቢጣሉ የሚጎዳው ሳሩ,Proverb,2
ሰቀላ ቤት,Idiom,0
ዘልቀው በመግባት ጥቃት ፈጽመዋል,Literal ,1
እንዴት ሆነልህ,Literal ,1
ማርቆስ ጥሩ ከተማ ናት,Literal ,1
መጥፎ ዜናዎች,Literal ,1
የሰማይ ስባሪ,Proverb,2
ፓለቲካዊ ተሳትፎ,Literal ,1
ፈተና መቀመጥ,Literal ,1
ወደ ፊት,Literal ,1
ለረዥም ሰው ልብ እና ልብስ ያጥረዋል,Proverb,2
ለነፍሱ ሲል,Idiom,0
ሆዱ አይበልጠውም,Idiom,0
ለማራራቅ እየሄዳችሁበት,Literal ,1
ጭንቅ አልጋ ያስተቃቅፋል,Proverb,2
ውጣ ያለው ገንዘብ ግርግዳ ሲቧጥጥ ያድራል,Proverb,2
ምክራቸውን,Literal ,1
አይኔን ሲያመው ጥርሴን አሳቀው,Proverb,2
ያክል አልቀራቸዉም,Literal ,1
አሁን ሊደርቅ ውሀ አደረገኝ ድሀ,Proverb,2
እግረ ከባድ,Idiom,0
እግር እስኪነቃ ቢኬድ,Idiom,0
እሳት ቢያንቀላፋ ገለባ ጎበኘው,Proverb,2
ሽማግሌ በምክሩ አርበኛ በሰናድሩ,Proverb,2
በወረት በወረት,Idiom,0
በወሬ የሚመጣ ፈተና,Literal ,1
ትኩስ ነገር,Literal ,1
አምባር ሰበረ,Idiom,0
አወቅኩሽ ናቅኩሽ,Proverb,2
እንድትመዲቡልን መጠየቅ,Literal ,1
ከእስራኤል ጋር,Literal ,1
ጠፍቶባቸዉ ይሸበሩ,Literal ,1
አንዱ ልብ መካሪ አንዱ ቃል ተናጋሪ,Proverb,2
በደል እና ለደረሰው ጥፋት,Literal ,1
ተቆብ ላይ ሚዶ,Proverb,2
ስራ ከምፈታ ልጄን ላፋታ,Proverb,2
ያለቀበት,Idiom,0
በላብ ሰጠመ,Idiom,0
በደረሰበት የፈተና ጣቢያ,Literal ,1
የተጓዥ,Literal ,1
ዝናብ ሲያባራ ከዋሻ ምን ሊሻ,Proverb,2
በአክብሮት እጠይቃለሁ,Literal ,1
ቁንጥጫ ይሻላል ከግልምጫ,Proverb,2
ያጣ ለማኝ ተሳድቦ ይሄዳል,Proverb,2
ለበለጠ መረጃ,Literal ,1
ዳሩ ሲወረር መሀሉ ዳር ይሆናል,Proverb,2
ያልሰማ ጆሮ ከጎረቤት ያጣላል,Proverb,2
ቃለምልልስ አድርገው ነበር,Literal ,1
ሰው ጥራ ቢሉት እራሱ መጣ,Proverb,2
ሰውነቴን ወረረኝ,Idiom,0
ቴክሎጅ ፋካሊቲ,Literal ,1
መውደቅን መፍራት,Literal ,1
ጠቅላይ ሚኒስትር,Literal ,1
የባህል ማዕከል መመስረት,Literal ,1
ቅርጥፍ ያለ ውሸታም,Idiom,0
የጅብ ፍቅር እስኪቸግር,Proverb,2
እዳየ ሆኖ,Idiom,0
አጉል ፍቅር ያመናቅር,Proverb,2
ፈተና እየተፈተኑ,Literal ,1
ጭልፊትና ሲላ ተጋብተው ጉጉት ወለዱ,Proverb,2
ፍጥረቱ ሁሉ አያምረኝም,Idiom,0
ባላቸውን እየከሰሱ ኑሮን ይገፉታል,Literal ,1
ኑሮ በደጋ መተኛት ባልጋ,Proverb,2
በዩኒቨርስቲው ክሊኒክ አዳራሽ,Literal ,1
ፈስ ተናጠ,Idiom,0
ነገር በልክ ሙያ በልብ,Proverb,2
የሚገለጽ ይሆናል,Literal ,1
ደም ከልብ,Idiom,0
ኮሽታ,Literal ,1
እንደምከላከል ይሰማኛል,Literal ,1
ጉልበት የሌለው ወንበዴ ትርፍ የሌለው ነጋዴ,Proverb,2
ልቡን ከዳው,Idiom,0
ጤና ሚኒስቴር አሳውቋል,Literal ,1
የሚጥስ ይሆናል,Literal ,1
መሰናክል እሩጫ,Literal ,1
አበሳው ወረሰ,Idiom,0
ዋጋ ቀረፈ,Idiom,0
ምሳችንም ተቀጥተናል,Literal ,1
የጉድ አገር ገንፎ እያደር ይፋጃል,Proverb,2
የኦሎምፒክ ተወዳዳሪ,Literal ,1
የኮሶ ስንብት,Idiom,0
ቆሻሻ ውስጥ,Literal ,1
ሳር ቤት,Literal ,1
የልጅ ልጅ እህል ይፈጅ ኋላም ጅብ ያስፈጅ,Proverb,2
ሀብታም ለሰጠው ደሀ ይንቀጠቀጣል,Proverb,2
እንጀራ ይንሳህ,Idiom,0
ለበርካታ ዜጎች,Literal ,1
የሰው ልጆች,Literal ,1
የክረምት ጥማትና የመከር ጊዜ ረሀብ አለባለቤቱ የሚያውቀው የለም,Proverb,2
የወጣ ቢገባ የገባ ይወጣል,Proverb,2
አይነ ስቡን አለው,Idiom,0
አመት እለት ነው,Idiom,0
ግለሰቦች,Literal ,1
ቅጽበታዊ ድርጊት,Literal ,1
ምንም አይነት,Literal ,1
ቅንድብ ለአይን ጥቅሻ ኣስተማረች,Proverb,2
ስለ መሃመድ ነቢይ አለመሆን,Literal ,1
የጀመርክበት ቀን ነው,Literal ,1
ድመትና ቁንጫ ባዶ ቤት ይወዳል,Proverb,2
አፈር መስሏል,Idiom,0
አፌን በዳቦ,Idiom,0
ታሞ የተነሳ እግዚሄርን ረሳ,Proverb,2
ሿ አደረገ,Idiom,0
በመጣው ሲደሰት,Literal ,1
በያሬድ የሙዚቃ ትምህርት ቤት,Literal ,1
በእርግጥ ክፉ ቀኖች ያልፋሉ,Literal ,1
ወሬኛ ሚስት ዘርዛራ ወንፊት,Proverb,2
ጉዳይ,Literal ,1
ከደንበኞቹ ጋር ያለውን,Literal ,1
ጠላት ይቀባል ጥላት,Proverb,2
በቀይ ባህር ትራንስፖርት,Literal ,1
ሴት ብታውቅ በወንድ ያልቅ,Proverb,2
የሰማንያ  ሚስት,Idiom,0
ማንነት,Literal ,1
መከባበር ብቻ ነው,Literal ,1
ከተቋማቸው ያልደረሰላቸው,Literal ,1
ልዩ መድረክ,Literal ,1
ላቡን አፈሰሰ,Idiom,0
ህጻን ልጅ አለው,Literal ,1
አካፋ እግር,Idiom,0
እንጀራ ወጣለት,Idiom,0
ማጠፊያው አጠረው,Idiom,0
አያ ጅቦ ሳታመኻኝ ብላኝ,Proverb,2
መስጠት,Literal ,1
ልታገሣቸውም ደክሜያለሁ,Literal ,1
በሀብት ተነከረ,Idiom,0
እንብርቱን የተተኮሰ,Idiom,0
በስርዓታዊ ሂደት,Literal ,1
ፍየል ከመድረሷ ቅጠል መበጠሷ,Proverb,2
ያው በገሌ,Idiom,0
ስጋው ጠፍር ሆኗል,Idiom,0
የሸና,Idiom,0
አትፍረድ ይፈረድብሃል,Idiom,0
ድስት ግጣሙን አያጣም,Proverb,2
እንደሚፈልግ ፃፈ,Literal ,1
የሌባን ጠበቃ አደባልቀህ ውቃ,Proverb,2
የሰው ወርቅ አያደምቅ,Proverb,2
አንቺው ታመጪው አንቺው ታሮጪው,Proverb,2
እንደሱ ያለ ሃሞታም አይቼ አላውቅም,Idiom,0
ከራሱ ይናገራል,Literal ,1
ተፈጥሮ መዉደድ,Literal ,1
የአንዱ ሀገር ዘፈን ለአንዱ ሀገር ለቅሶ ነው,Proverb,2
ለልደት ያልሆነ ቀሚስ ይበጣጠስ,Proverb,2
የበላችው ያገባታል በላይ በላዩ ያጎርሳታል,Proverb,2
ደረቷን መታች,Idiom,0
መሮ ጥርስ,Idiom,0
ዘመድና ፍየል ቤት አጥፊ ነው,Proverb,2
የምዕራባውያን,Literal ,1
ነፃነትን የሚያሳጣ,Literal ,1
ቆንጆና አሸት አይታለፍም,Proverb,2
ያየዉ ጀመር,Literal ,1
ጥልቅ ብዬን ውሀ ወሰዳት,Proverb,2
አለ ወንድም ጋሻ አለ ድግር አርሻ,Proverb,2
አትግደርደሪ ጦምሽን እንዳታድሪ,Proverb,2
አቃቢ ህግ,Literal ,1
ቅል ባገሩ ድንጋይ ይሰብራል,Proverb,2
ጎን ለጎን,Literal ,1
ልበ ሙሉ,Idiom,0
ከአህያ ባልነት የፈረስ ውሽማነት,Proverb,2
ዘገየች ከረመች ቆይታ መጣች,Proverb,2
አልነካም ባይ አይነኬ,Literal ,1
በአጭር ጊዜ ውስጥ እናሳማ,Literal ,1
የሚመላለስ,Literal ,1
በትህትና እንጠይቃለን,Literal ,1
ተልባ ቢንጫጫ ባንድ ሙቀጫ,Proverb,2
ለፋሲካ የተዳረች ሁል ጊዜ የፋሲካ ይመስላታል,Proverb,2
ጠበንጃ ራሱ መቶ ራሱ ይጮሀል,Proverb,2
የወፍ ቁንቋ,Idiom,0
ሆድና ግንባር አይሸሸጉም,Proverb,2
የእስልምና ዩኒቨርስቲ,Literal ,1
አያልፉሽ,Idiom,0
ሚስትህ አረገዘች ወይ ቢለው ማንን ወንድ ብላ አለው,Proverb,2
ታቦት ነገሰ,Idiom,0
ገንዘብ ሰጠ,Literal ,1
ቸብ አደረገ,Idiom,0
ልቤ ደነገጠብኝ,Idiom,0
ልጅ ደረሰ ቤት ፈረሰ,Proverb,2
ስድ አደግ,Idiom,0
የስልካችንን ስክሪን ማየት,Literal ,1
ልማዶችህን ቀይር,Literal ,1
ውሀ በለዘብታ ድንጋይ ይፈነቅላል,Proverb,2
ደባልና ሹመት ያለሰበብ አይሄድ,Proverb,2
ልቡ ዋለለ,Idiom,0
የሌባ ደም,Idiom,0
በባዶ ቢቆጡ በጨለማ ቢያፈጡ,Proverb,2
ምን ይሉኛል,Literal ,1
መላ ቅጡ,Idiom,0
ልብ አብርድ,Idiom,0
ተመራጭ ነው,Literal ,1
በጥቅምት አንድ አጥንት,Proverb,2
አንዳንድ መረጃዎች,Literal ,1
እዳ ሰርጉ,Idiom,0
ልቡ ገባ,Idiom,0
እብድ ይለኛል,Literal ,1
ጉልቻ ቢቀያየር ወጥ አያጣፍጥም,Proverb,2
እጡን የጣለ ሰይጣን,Idiom,0
ምድር መሸበት,Idiom,0
ዳንኪራ መታ,Idiom,0
የመስጊድ አሰጋጅ,Literal ,1
ምኑና ምኑ ተይዞ,Idiom,0
የእንጨት ሽበት,Idiom,0
ቅናት ያደርሳል ከሞት,Proverb,2
ሰላም ወዳዱን ወገን ሁሉ አሳዝኗል,Literal ,1
የሚነገረዉ ሀሳብ,Literal ,1
ስለ አይሻ,Literal ,1
አይነ ሰባራ,Idiom,0
አፍረተ ስጋ,Idiom,0
ጉዳዮች,Literal ,1
ሸሽቼ አይደለም,Literal ,1
ልጅ እናቷን ምጥ አስተማረች,Proverb,2
በሚኖርበት ማህበር,Literal ,1
ሆሳእና ትንሳኤ,Literal ,1
ልጁን ተቆታው,Idiom,0
ተንጋለው ቢተፉ ተመልሶ ካፉ,Proverb,2
ጥቅል ጎመን,Literal ,1
ሀይማኖቱን ለወጠ,Literal ,1
ለአፍ ዳገት የለውም,Proverb,2
ድሀና ገበያ ሳይገናኙ ይሞታል,Proverb,2
ከወፈሩ ሰው አይፈሩ,Proverb,2
አይኑ ጠገበ,Idiom,0
ጥሬ እና ብስል,Idiom,0
አፈር መለሰ,Idiom,0
ያላዩት አገር አይናፍቅም,Proverb,2
ከመሆን ፋቂ ይሻላል ነጣቂ,Proverb,2
ሲበሉ የላኩት,Idiom,0
ደብረ ታቦር,Literal ,1
ጥልቅ ብዬ,Proverb,2
ዘርቶ ያልበላ አምላክን ጠላ,Proverb,2
እውር ቢሸፍት ከጓሮ አያመልጥ,Proverb,2
ዘር አሰዳቢ,Idiom,0
ደርቢኝ,Idiom,0
በሚመደቡበት የፈተና ማዕከላት,Literal ,1
ሁለት ሆነው የተናገሩት በመሬት የቀበሩት,Proverb,2
በሁሉም መስክ,Literal ,1
ስንቱን አየን,Literal ,1
ሰውነቴ ተሟገተብኝ,Idiom,0
ለህዝብ ይፋ,Literal ,1
ከመናገርህ በፊት አስብ,Proverb,2
አካባቢ,Literal ,1
አጥንቱ ገጧል,Idiom,0
የማስተዋል አቅም ይኖራቸዋል,Literal ,1
ተጨማሪ ምዝገባ,Literal ,1
አዉራ ጣቱን ጠባ,Idiom,0
ስማዳ ወረዳ ማዕከል,Literal ,1
የወር ቀለብ,Literal ,1
በምስራቅ ኢትዮጵያ!,Literal ,1
አይነ ጥላ,Idiom,0
መልካም ወጣት,Literal ,1
ጅብ ከሄደ ውሻ ጮኸ,Proverb,2
ልቤ ወደቀባት,Idiom,0
ቀኝ ቀኙን ያስመልክትህ,Idiom,0
ውሀ በብልሀት ይቆላል በእሳት,Proverb,2
ለጉንዳን ደም የለው ለዝንብ ቤት የለው,Proverb,2
ማጣት ከሰማይ ይርቃል,Proverb,2
መፍትሄው,Literal ,1
የአህያ ባል ከጅብ አያስጥልም,Proverb,2
የድካም እንጀራ,Idiom,0
እዝል ዜማ,Literal ,1
ቁስሉ ቂም ያዘ,Idiom,0
ቤት በመለስ,Literal ,1
እራስን መቻል,Literal ,1
ሄጄ መጫወት እፈልጋለሁ,Literal ,1
በፍጥነት አነበበዉ,Literal ,1
አመት አመት ድገመኝ,Idiom,0
እጄን ሲጨብጠዉ,Literal ,1
በጽድቅም ድንቅ ነው,Literal ,1
ውስጥ ውስጡን ድመትም አውሬ ነች,Proverb,2
መሆኑን አላወቁም ነበር,Literal ,1
እህል ከበዩ ሰው ከገዳዩ,Proverb,2
መጽሐፍት ታትሟል,Literal ,1
ልጅን በጡት እህልን በጥቅምት,Proverb,2
የበሰበሰ ዝናብ አይፈራም,Proverb,2
ብቻዉን መቀመጥ,Literal ,1
ቃለ ምልልስ,Literal ,1
ልበ ገር,Idiom,0
በፍቅር ኃይል,Literal ,1
ዘጥ ዘጥ አቁማዳ ቂጥ,Proverb,2
መደበቂያ እስኪያጣ,Literal ,1
የከበደ ሰው,Idiom,0
አይነ ገመድ,Idiom,0
ችግር ፈች,Literal ,1
በጋብቻ ታሰረ,Idiom,0
ደግ ጎረቤት ያወጣል ከመአት,Proverb,2
መሬት ሰነጋ,Idiom,0
መሬት አሟሸ,Idiom,0
እግርህን አታሰናዝር,Idiom,0
በቁጣ ተመለከቱ,Literal ,1
የሞቀ ቤት,Idiom,0
ለሚያገለግል ህዋስ,Literal ,1
የቀለም ቀንድ,Idiom,0
ልቤን አታውልቀኝ,Idiom,0
እናስባለን,Literal ,1
ምርመራ እየተደረገ ነው,Literal ,1
ዘንዶ የዳገት በረዶ,Proverb,2
ጉልበቱን አፈሰሰ,Idiom,0
ዘመድን የሚወጉበት ጦር ጀንፎው አይለቀቅም,Proverb,2
ሸኚ ቤት አያደርስም,Proverb,2
ከማያውቁት መልአክ የሚያውቁት ስይጣን ይሻላል,Proverb,2
ድንጋይ መንከስ,Idiom,0
ቀስቃሽ,Literal ,1
መኪና እንደሚገዙ ገለጹ,Literal ,1
መውደቅን መሸሽ,Literal ,1
ደንቆሮ የሰማ ለት ያብዳል,Proverb,2
አጸደ ስጋ,Idiom,0
እንዳይወጡ,Literal ,1
አፍንጫውን ያዘ,Idiom,0
ሴራ ቆረጠ,Idiom,0
ትምህርት ቤት,Literal ,1
ስለ እቅድዎ ለሌላ ሰው ይንገሩ,Literal ,1
ጠጁን ለበለበው,Idiom,0
አንዱን አቅርበን,Literal ,1
ቁልፍ ሰው,Idiom,0
ሕዝብ ድል ያደርጋል,Literal ,1
ወፍ እንዳገርዋ ትጮሀለች,Proverb,2
ውይይት አደረገ,Literal ,1
ደመናው ተሾመ,Idiom,0
አጥመ ርስት,Idiom,0
ሁሉን አቀፍ,Literal ,1
ሃላፊነቱን እወስዳለሁ,Literal ,1
ርእሰ መምህር,Literal ,1
ጸጉሯ ያምራል,Literal ,1
ባህር ዳር ከተማ ነው,Literal ,1
እንዲፈፀምልሽ መንገድ,Literal ,1
መካከለኛ,Literal ,1
ትሳተፉ ዘንድ,Literal ,1
ቅዝዝ አለው,Idiom,0
የተራማጅ,Literal ,1
መሬት ይቅለለው,Idiom,0
ቃላቱን እርግጥ አድርጋ,Literal ,1
የጤና ችግር,Literal ,1
ሀጢአት ሲደጋገም ጽድቅ ይመስላል,Proverb,2
ቅዝምዝም ወዲያ ፍየል ወዲህ,Proverb,2
መቀስ አፍ,Idiom,0
እጠ መሰውር,Idiom,0
ስራ,Literal ,1
ልቡ አላረፈም,Idiom,0
ልቡ ታወረ,Idiom,0
ቀጥኜ ቢያየኝ ጅማት ለመነኝ,Proverb,2
የምታገኘው,Literal ,1
የሃይማኖት ተቋማት ጉባኤ,Literal ,1
አሳቻ ሰው,Idiom,0
በሚል ተመክረናል,Literal ,1
ሀዘንሽ ቅጥ አጣ ከቤትሽ አልወጣ,Proverb,2
ነገር ከዋስ ምላስ ከጥርስ አያልፍም,Proverb,2
ቀንድ አወጣ,Idiom,0
ሆድህና ልጅህ አይጥሉህ,Proverb,2
ዘመድ ከዘመዱ አህያ ከአመዱ,Proverb,2
አሸናፊ ነበር,Literal ,1
ያጣ ለማኝ ተሳድቦ ይሄዳል,Proverb,2
ጓደኞችህን ቀይር,Literal ,1
የፊት መሪ የኋላ ቀሪ,Proverb,2
ማብራት የተሻለ ሊሆን ይችላል,Literal ,1
የተገኙ አምስት ባለጸጎች,Literal ,1
የልም ሩጫ,Idiom,0
የማይዘልቅ ባል ቅንድብ ይስማል,Proverb,2
ዘጠና ደቂቃ,Literal ,1
ሸክም ሆነ,Idiom,0
እጁን ቀሰረብኝ,Idiom,0
የሽኮኮ ጸሎት,Idiom,0
ውድድር ዛሬ ፍጻሜዉን አገኘ,Literal ,1
በግንኙነት ውስጥ,Literal ,1
የት ሄዱ ጀንደርቦች,Literal ,1
ከራስ በላይ ነፋስ,Proverb,2
እዉነት ሀሰት,Literal ,1
ጽድቅና ኩነኔ,Idiom,0
ከአፍ የወጣ ቃል ከእጅ የወደቀ እንቁላል,Proverb,2
ቅመም,Idiom,0
አይነ ሌባ,Idiom,0
በምንሰጠው ምላሽ ነው,Literal ,1
ቃሌ ነው,Idiom,0
እጥብ ያለ,Idiom,0
አሳረፈው,Idiom,0
አፉን ከረከመ,Idiom,0
አለኩያ ጋብቻ ቆይ ብቻ,Proverb,2
ህልም ተፈርቶ ሳይተኛ አይታደርም,Proverb,2
ውል,Literal ,1
ቀረቀበ,Idiom,0
ወገቡን ሞከረ,Idiom,0
በሃምሌ ጎመንና አሞሌ,Proverb,2
መያዝ ይጠበቅባቸዋል,Literal ,1
ቀላድ ጣለ,Idiom,0
ሌባ ላመሉ ዳቦ ይልሳል,Proverb,2
ጆሮም የለኝ,Idiom,0
በቅሎ አትሁኑ,Literal ,1
ተቃመሰ,Idiom,0
ጠንካራ ጎን,Literal ,1
ፍአሲካ የሌለው ጦም ደስታ የሌለው አለም,Proverb,2
አጄን አጠበኝ,Idiom,0
ለገደለ ጎፈሬ ላረጋገጠ ወሬ,Proverb,2
ልበ ሙሉነት አያስደፍርም,Idiom,0
የክረምት ጥማትና የመከር ጊዜ ረሀብ አለባለቤቱ የሚያውቀው የለም,Proverb,2
ላም ቀንዷ አይከብዳትም,Proverb,2
ነገር ሸተተው,Idiom,0
የመጀመሪያ አማራጫቸው አያደርጉም,Literal ,1
ዘንጋዳና ወታደር በመከር ጊዜ ይታይ ነበር,Proverb,2
ባለጌን ካሳደገው የገደለው ይጽድቃል,Proverb,2
እራት እንዳትቀር አሉት,Literal ,1
ትንሽ ስህተት,Literal ,1
በባለፈው ምሽት,Literal ,1
አደራ,Literal ,1
ቦንጋ ዩኒቨርስቲ ግቢ ጉባኤ,Literal ,1
ግላዊ እድገት,Literal ,1
አልሞት ባይ ተጋዳይ,Idiom,0
ተመርቄያለሁ ብለህ ከተረገመ ኣትዋል,Proverb,2
ሀስት እያደር ይቀላል እውነት እያደር ይበራል,Proverb,2
አዋሽ ነው,Idiom,0
አህያም የለኝ ከጅብ አልጣላ,Proverb,2
ለዚያም ክብር ያብቃን,Literal ,1
የሚመስላት አጥታ,Literal ,1
አፉን አሾለ,Idiom,0
አንተ ትብስ አንተ ትብስ ተባባለ,Idiom,0
ሳረ በል,Idiom,0
ስነ ሰእል,Literal ,1
ቅድስት ጉባኤ,Literal ,1
ከሀብታም ተወለድ ወይ ካለው ተጠጋ,Proverb,2
በጥርሱ ሸኘው,Idiom,0
ጓያ ሰበረው,Idiom,0
ጥቂቷን ይጠይቃሉ,Literal ,1
ምድር ያዘ,Idiom,0
ክንደ ሌባ,Idiom,0
ናላው ዞረ,Idiom,0
ክፉ ነገር,Literal ,1
ነገር ባፍ ባፉ አጎረሰው,Idiom,0
ፊት የተናገረን ሰው ይጠላው ፊት የደረሰን ወፍ ይበላው,Proverb,2
ተራስ በላይ ንፋስ,Proverb,2
መፍትሄ ሀሳብ,Literal ,1
ባህር ሸሸ,Idiom,0
መሉ ጤና,Literal ,1
የሞኝ ዘፈን ሁልጊዜ አበባዬ,Proverb,2
የአካባቢ ማህበረሰብ,Literal ,1
ሽንተ መልካም,Idiom,0
የመከር ጊዜ ረሀብ አለባለቤቱ የሚያውቀው የለም,Proverb,2
የሚጠበቅብኝን,Literal ,1
ላም አለኝ በሰማይ ወተትዋንም አላይ,Proverb,2
ስሙን ተከለ,Idiom,0
የእኔ አካሄድ ብቻ ነው ልክ,Literal ,1
ገንዘብህን,Literal ,1
አትከመርብኝ,Idiom,0
አዛዩን ነካሽ,Idiom,0
አይቡን ሲያዩት አጓቱን ጠገቡት,Proverb,2
አይነ ደረቅ,Idiom,0
አዲስ ነገር,Literal ,1
ውጪ ነፍስ ግቢ ነፍስ,Idiom,0
እጸድቅ ብዬ ባዝላት ተንጠልጥላ ቀረች,Proverb,2
በጨዋ ደንብ ቁርዓኑን,Literal ,1
አይን አይኑን ያዩት ጀበና ቶሎ አይፈላም,Proverb,2
ያለባለቤቱ አይነድም እሳቱ,Proverb,2
የቸገረው እርጉዝ ያገባል,Proverb,2
የባህር ወሽመጥ,Idiom,0
ገንዘብ አሳዉሮታል,Idiom,0
በነገር ለበለበው,Idiom,0
አስቀድሞ ነበር መጥኖ መደቆስ አሁን ምን ይሰራል ድስት ድጦ ማልቀስ,Proverb,2
ከሁሉ መጣላት ቀባሪ ማጣት,Proverb,2
ብስል ተቀሊል,Idiom,0
አልሚ እና ለሚ,Idiom,0
ፊትህን አታጨልም,Idiom,0
የሴት ሞቷ በማጀቷ,Proverb,2
ታውቂያለሽ,Literal ,1
የልቡን አድራጊ አይናደድም,Proverb,2
ልቡን አወለቀ,Idiom,0
እርቅ ደም ያደርቅ,Proverb,2
የሚፀና ስልጣን የለም,Literal ,1
ለልጅ ጨዋታ ለባለጌ ቧልታ,Proverb,2
ደግ ጎረቤት እቃ አያስገዛም,Proverb,2
ቆዳ ሲወደድ በሬህን እረድ,Proverb,2
ጅብ አንዳገሩ ይጮሀል,Proverb,2
እሷን መውደዱ እንዲያው ጥሎሽ ነው,Idiom,0
ሸማ በየፈርጁ ይለበሳል,Idiom,0
ምድረ ሌባ ሁላ,Literal ,1
አርሟን ብታፈላ ጀበናው ሙሉ አተላ,Proverb,2
ከመሞት መሰንበት,Proverb,2
አሟሟት,Literal ,1
እንጀራዬ ነው,Idiom,0
ወሬ ቢበዛ በአህያ አይጫንም,Proverb,2
ስጋ መብላት ይወዳል,Literal ,1
የሞተ አይከሰስ የፈስስ አይታፈስ,Proverb,2
ስም አነሳ,Idiom,0
የጉም ሽንት,Idiom,0
እኛ ባገራችን ዳቦ ፍሪዳችን,Proverb,2
ራስ በራስ,Idiom,0
ልብ ከዳ,Idiom,0
አበሳ አስየው,Idiom,0
ብድሩን የማይመልስ ልጅ አይወለድ,Proverb,2
ብረት ሰሪ,Idiom,0
በእሳት ተቃጥሎ ወድሟል,Literal ,1
ቃሪያ ድምጥ,Idiom,0
ብርሌ ከነቃ አይሆንም አቃ,Proverb,2
የዲጂታል መታወቂያ,Literal ,1
ቂጥና ወገቡ የተገናኘ,Idiom,0
ሰው ይወዳል,Literal ,1
ውሀ ቢደርቅ አሳ ያልቅ,Proverb,2
ለክፉ ተናገረ,Idiom,0
እበላ ብዬ ተበላሁ,Proverb,2
ኮማንድ ፖስት,Literal ,1
አክርሚኝ,Idiom,0
ጉልበት ብዝበዛ,Literal ,1
አይኑን ሰቅሎ አየ,Idiom,0
የምበላው ሳጣ ልጄ ጥርስ አወጣ,Proverb,2
የጨረቃ ንጋትና የአውር ሞት አይታወቅም,Proverb,2
ሲጠባ ያደገ ጥጃ ቢይዙት ያጓራል,Proverb,2
በደስታ  መኖር,Literal ,1
እልህ መገባባት,Literal ,1
እጅ አውሰኝ,Idiom,0
ሹመት ያዳብር,Idiom,0
ከስስታም አንድ ይወድቀው አንድ ይተርፈው,Proverb,2
ቁመተ ስጋ,Idiom,0
ነፍስ ይማር,Literal ,1
ኪሳራ አስመዝግቧል,Literal ,1
እጅ አጠረው,Idiom,0
የአነጋገሩን ጣዕም,Literal ,1
እንዳልጨቀጭቅህ,Literal ,1
ቆዳ ተማሪ,Idiom,0
የእርጎ ዝንብ,Proverb,2
ውሻ በቀደደው ጅብ ይገባል,Proverb,2
በጣም ስወዳት,Literal ,1
እንደ ቂጡ ደህና,Idiom,0
ጉዳዩን ሞላ,Idiom,0
ኮምፒዉተር ጥገና,Literal ,1
ስም የለሽ,Idiom,0
ባጭር አታልም,Idiom,0
መልካም ባል,Literal ,1
ሹል ቂጥ,Idiom,0
የአህያ እቃው ሆዱ ውስጥ ነው,Proverb,2
ባለቤቱን ካልናቁ አጥሩን አይነቀንቁ,Proverb,2
ወደ ያኔት ሆስፒታል,Literal ,1
የሥነ ልቡና ሳይንስ መምህሩ,Literal ,1
እመ አምሳያ,Idiom,0
ቀን ተራዘመ,Literal ,1
ወዳጅነቴን ሰርዣለሁ,Idiom,0
አጥባቂ ፈረስ,Idiom,0
ባህላዊ ዘፈን ይወዳል,Literal ,1
የሀገር ምሰሶ,Idiom,0
ምግብ እንዲዘጋጅ,Literal ,1
የጓደኛ ተጽዕኖ,Literal ,1
የምጣዱ እያለ የእንቅቡ ተንጣጣ,Proverb,2
የቀይ ባህር ማህበረሰብ አካል እንሆናለን,Literal ,1
የደም ጋን,Idiom,0
ዉሻ ዉሻ አደረገ,Idiom,0
አይኑ ባከነ,Idiom,0
ሰው ጥራ ቢሉት ራሱ መጣ,Proverb,2
ማስወረድ,Idiom,0
እራስን መሆን,Literal ,1
መልካም ጋብቻ,Literal ,1
አሁንም,Literal ,1
እርግጠኛ ነኝ,Literal ,1
የታሪካችን ሰበዞች,Literal ,1
ጠቅልሎ አገባት,Idiom,0
በተገኙበት,Literal ,1
ከዝንጀሮ ቆንጆ ምን ይመራርጡ,Proverb,2
ልበ ጠናና,Idiom,0
ያጠመደ አያጣውም,Idiom,0
መንገድ ተዘግቶ,Literal ,1
ከብቱ ጥርሱን ሰብሯል,Idiom,0
እሾህን በእሾህ,Idiom,0
ኢንዱስትሪ አስመርቋል,Literal ,1
ዘመድን ከዘመድ ጋር ማማት ዳቦ እንደመግመጥ ነው,Proverb,2
ሰቆጣም ይሠራ,Literal ,1
አወረደ,Idiom,0
አዲስ ነው,Literal ,1
አለ መባ ቤተ ክርስቲያን አትግባ,Proverb,2
ልብ ወረደው,Idiom,0
ህጻናት ያለቁበት,Literal ,1
የሚገጥሟቸው ተግዳሮቶች,Literal ,1
ቂጥ ቢወድል ፈስ አያድን,Proverb,2
እጀ መናና,Idiom,0
የተናገሩት ከሚጠፋ የወለዱት ይጥፋ,Proverb,2
ቀን አይጥለው ጠጅ አያስክረው,Proverb,2
የመምህራንን ችግር,Literal ,1
ምድር ፊት,Idiom,0
ላላወቀው ፎገራ ዱር ነው,Proverb,2
የሽ ጥላ,Literal ,1
እድገት,Literal ,1
ሰብስክራይብ,Literal ,1
ይውጋሽ ብሎ ይማርሽ,Proverb,2
ደመናው ተጠንስሷል,Idiom,0
ስመኛ,Idiom,0
የእህል ጣም በጉረሮ የነገር ጣም በዝሮ,Proverb,2
ዘመደ ብዙ ጠላው ቀጭን ነው,Proverb,2
ጅንጀሮ ፊት,Idiom,0
አሳሩን ቆጠረ,Idiom,0
የሚሠራውን ዝሙት,Literal ,1
ደቡብ ሱዳን,Literal ,1
ማድረግ ነበረብን,Literal ,1
ሆዳም ሲፈተፍት የጠገበ ይመስለዋል,Proverb,2
ጤንነት,Literal ,1
ትዝብታችን ነው,Literal ,1
አልሞት ባይ ተጋዳይ,Proverb,2
የእናት ሆድ ዥንጉርጉር,Proverb,2
በሁሉም ሃይማኖቶች,Literal ,1
መግዛት ከፈጣሪ,Literal ,1
እናስወጣቸው,Literal ,1
ውርድ ከራሴ,Idiom,0
ደም አፋሽ,Idiom,0
እጁን አወጣ,Idiom,0
ውሀን ምን ያስጮኸዋል ድንጋይ,Proverb,2
የሞት አፋፍ,Idiom,0
አባ ሰንጋ,Idiom,0
ታሪክ ሰሪ,Literal ,1
መፈንቅለ ስልጣን,Literal ,1
ጉዳቱን አታርቀው,Idiom,0
እልክ ምላጭ ያስውጣል,Proverb,2
በመፃፉ ተፀፀተ,Literal ,1
ጥቅም ፈላጊ,Literal ,1
ድምጽ ስንሰማ ፈርጣጭ ሆነናል,Literal ,1
አምላኬ ማረኝ,Literal ,1
ሕገ-ወጥ ተግባራት,Literal ,1
በምድር ዳርቻ ሁሉ,Literal ,1
ውስጡን ለቄስ,Idiom,0
መናገር ቃጣኝ,Idiom,0
የወር ደሞዝ,Literal ,1
ምድር ዞረበተ,Idiom,0
ጠንክረን ስለሰራን,Literal ,1
ሆደ ባሻ,Idiom,0
አመድ ፈጭ,Idiom,0
ሮሮ አይመረውም,Idiom,0
አስከፊ የጨለማ ወራት,Literal ,1
ግንኙነት ያላቸው,Literal ,1
ተቀባሪ ወዲያ ማን ያርዳ,Proverb,2
በሬ ካራጁ ይውላል,Proverb,2
መሀል ሰፋሪ,Idiom,0
ምላሱን ጎለጎለ,Idiom,0
ግድ የለሽ,Literal ,1
አገልግሎት እንዲያጠናክሩ,Literal ,1
ሊጋልበኝ ይፈልጋል,Idiom,0
ስነ ልቦና,Literal ,1
የላክን በመሆኑ ደረሰው,Literal ,1
ዉቃቢ የራቀው,Idiom,0
ያኮረፈ ምሳው አራቱ ነው,Proverb,2
ፍራሽ አዳሽ,Literal ,1
ባለውለታ,Literal ,1
የህዘብ ዝግጅት,Literal ,1
የወጣ ቢገባ የገባ ይወጣል,Proverb,2
በበጋ ወቅት,Literal ,1
ከዲግሪ በላይ ማሽቃበጥ,Literal ,1
አበባው,Literal ,1
የጥቅምት ቀን አና የቆንጆ ሳቅ አያታልልህ,Proverb,2
ሀዘን,Literal ,1
አይነ ዉሃ,Idiom,0
ያልዘራውን የሚበላ ዝንጀሮ ነው,Proverb,2
አዝኜ ባሳድረው ሰርቆኝ ሄደ,Proverb,2
ልብ ወረድኝ,Idiom,0
ለቅሶ ቤት,Literal ,1
ምች መታው,Idiom,0
ቢሊዮን ዶላር በላይ ከስረዋል,Literal ,1
በእውር ቤት አንድ አይና ብርቅ ነው,Proverb,2
ጥፊ ላሰ,Idiom,0
ዘመን የወለደው ንጉስ የወደደው,Proverb,2
ውል ያዋውላል ታንኳ ያሻግራል,Proverb,2
ዘቅዝቀው ቢቀብሩት ቀና ብሎ አደገ,Proverb,2
በሃዘን እያነቡ አካሄዳችሁን,Literal ,1
የሴቶች ጥቃት,Literal ,1
ላሚቷ ተጠቃች,Idiom,0
እንባ አድርቅ,Idiom,0
ከእጅ ወደ አፍ,Idiom,0
ሆድ ያባውን ብቅል ያወጣዋል,Proverb,2
መውሰድ,Literal ,1
ቁመህ ተከራከር ዙረህ ተመካከር,Proverb,2
ለርሱ ከመንገር ደንጊያን ቅቤ መቀባት,Idiom,0
ቀስ በቀስ እንቁላል በእግሩ ይሄዳል,Proverb,2
መላላስ,Idiom,0
ልቡ ወልቋል,Idiom,0
በኅቡዕ ማከናወን ጀመሩ,Literal ,1
ልቡ አረፈ,Idiom,0
ሾላካ,Idiom,0
የማይጠቅሙ,Literal ,1
እንዲታገል አሳስቧል,Literal ,1
እንዳይሆን አድርጎ,Literal ,1
በዚ ፈንታ,Literal ,1
ልቡ ወላወለ,Idiom,0
የለበጣ አነጋገር,Idiom,0
ሹርባዋን ለቃ ሆናለች ፈሰሴ,Idiom,0
የጀመርከው አንተው ራስህ ነህ,Literal ,1
ለውሳኔም ይረዳናል,Literal ,1
እንደ ሰው ትመጪ አንደ አውሬ ትሮጪ,Proverb,2
የአይን ፍቅር,Proverb,2
ባዶ ሜዳ ላይ,Literal ,1
ከዕባብ እንቁላል እርግብ አይፈለፈልም,Proverb,2
ልቡን ወሰደው,Idiom,0
አንገተ ደንዳና,Idiom,0
አሽከራቸዉ በሞተበት,Literal ,1
ገና አላገገመም,Literal ,1
ሹመት አይደንግጥ,Idiom,0
የእግድ ውሳኔው በግል የተወሰደ,Literal ,1
አንዳንድ ነገር,Literal ,1
ዉሃ በላው,Idiom,0
የቋጠረው የማይፈታ,Idiom,0
ኮርስ እንዲሰጥ,Literal ,1
ሞት ቀነጠሰው,Idiom,0
አንድ ብቻ,Literal ,1
ቅዳሴ ማህሌት,Literal ,1
ለራስ ያሉት,Idiom,0
ቆሎ ለዘር እንዶድ ለድግር አይሆንም,Proverb,2
ለራስ ሲቆርሱ አያሳንሱ,Proverb,2
የእናት ሞትና የድንጋይ መቀመጫ እያደር ይቆረቁራል,Proverb,2
ሸክሜ ወረደልኝ,Idiom,0
ከመንገድ ወጣ,Idiom,0
ሰው እንዳይሆን የለም,Idiom,0
ዘጠኝ ወር ተሸከመች,Idiom,0
እሳት አፍ,Idiom,0
አራገፈ,Idiom,0
የሬሳ ሳጥን,Literal ,1
የማብሰያ ክፍል,Literal ,1
ሆድ ለሆድ ተገናኝተዋል,Idiom,0
ስም ያለው ሞኝ ነው,Proverb,2
ወር የምናሳዉቅ ይሆናል,Literal ,1
አዳማ ከነማ,Literal ,1
ማህበራዊ ትስስር,Literal ,1
ለማያውቁሽ ታጠኚ,Proverb,2
የልጅ ሞት የእግር እሳት,Proverb,2
ስበትን ረገጠ,Idiom,0
አይሸነፉም,Literal ,1
የእሱ ስራ,Literal ,1
ዘንጋዳ የገለበጠ አባቱን የገላመጠ,Proverb,2
ፍግም አለ,Idiom,0
ኑሮህን ትቀጥላለህ,Literal ,1
አይኑን ጣለ,Idiom,0
ጭስ አባይ,Literal ,1
ድሃ አደግ,Idiom,0
ልባም,Idiom,0
አመሳቅሏል,Literal ,1
ተጥዶ የማይፈላ ተሹሞ የማይበላ የለም,Proverb,2
ጥጋበኛንና ውሀ ሙላትን ቁመህ አሳልፈው,Proverb,2
ዘጠኝ ጠጥቶ አስረኛውን የወደደ በሙሉ ነደደ,Proverb,2
ምእመናንና ምእመናት,Literal ,1
የቅባት እህል,Literal ,1
ሊጡ መጠጠ,Idiom,0
የቁራ መልእክተኛ,Idiom,0
ሰምና ወርቅ,Idiom,0
በልብ አዋለ,Idiom,0
ገንዘብ ካለ በሰማይ መንገድ አለ,Proverb,2
የሰጠ ይታክታል,Idiom,0
ነጭ ድሃ,Idiom,0
ሁዋሊት,Idiom,0
የግንባር ስጋ,Idiom,0
የተባረከች ጆሮ,Literal ,1
የምታሽንፈውን ምታ ቢሉት ወደ ሚስቱ ሮጠ,Proverb,2
ሀሰት ነገር ክፉ ገሀነም እሳት ትርፉ,Proverb,2
መጽሀፍ አዘጋጀ,Literal ,1
ጠበል አስመታ,Idiom,0
አልጋ ነቀነቀ,Idiom,0
ቅድሚያ የሚሰጠው,Literal ,1
ግብረ ስጋ,Idiom,0
እንቅፋት የሆነው ማን እንደሆነ እናውቃለን,Literal ,1
ውሀ እድፍን ያጠራል ትምህርት ልብን ያጠራል,Proverb,2
አፈፍ አደረገ,Idiom,0
አንጀቱን ቋጥሮ,Idiom,0
ውሀውም እንዳይደርቅ አሳውም እንዳያልቅ,Proverb,2
እዳ ሆነበት,Idiom,0
ሀዘንና ደስታ በአንድ ገበታ,Proverb,2
ምንም ብቀጥን ጠጅ ነኝ,Proverb,2
የፈሰሰ ውሀ አይታፈስም,Proverb,2
የግራ ጎን,Literal ,1
የአህያ ምላስ,Idiom,0
ተቋም,Literal ,1
ልቡ ቆረጠ,Idiom,0
ቂም አረገዘ,Idiom,0
ከብቱን ለቀቀ,Idiom,0
ልቡ ሞቷል,Idiom,0
እንዲመዘገቡ,Literal ,1
መደረግ ያለበት ነገር,Literal ,1
የጋራ ነገር,Literal ,1
አፍንጫ ሲመታ አይን ያለቅሳል,Proverb,2
አፈ ቅቤ,Idiom,0
ጠላት በጉያ,Idiom,0
ብረት ምጣድ ገዛ,Literal ,1
ለመረጋጋት ሞክር,Literal ,1
ሰውነቱ በእከክ ሲወረር አዛኝ አጣ,Literal ,1
አንገተ ቅልስልስ,Idiom,0
በጥቃቱ የደረሰባቸው ጉዳት,Literal ,1
ወጥተው,Literal ,1
ዝንቤን እሽ አይለውም,Idiom,0
ከእስር ቤቶች ማምለጣቸው ተነገረ,Literal ,1
ከምታበላሽ ተርፋለች,Literal ,1
በእሱ ቆርበሀል እንዴ,Idiom,0
በረዶ ውሀ,Literal ,1
ሺህ ያጭሽ አንድ ያገባሽ,Proverb,2
የውሻ ቁስል,Idiom,0
ልጅ ያቦካው ለእራት አይሆንም,Proverb,2
ሳይደግስ አይጣላም,Idiom,0
ልቡን መታው,Idiom,0
እጅ አዛወረ,Idiom,0
ነፍስ አጠፋ,Idiom,0
የሰዎች መብት አልተከበረም,Literal ,1
የወንጀል ምርመራ ውጤት,Literal ,1
ልጦ ጎርዶ አወጣ,Idiom,0
አስወረደ,Idiom,0
ቃሪያ,Idiom,0
ምን ያምር,Idiom,0
ውጣ ያለው ብር ግርግዳ ሲፍቅ ያድራል,Proverb,2
ወንጌለ አህያ,Literal ,1
ማድ ረጋጭ,Idiom,0
ዘጠኝ ሞት መጣ ቢሉት አንዱን ግባ በለው,Proverb,2
መዝገበ ቃላ,Literal ,1
ህሊናውን ሳተ,Idiom,0
ጥሬ ሰው,Idiom,0
ድርጅት,Literal ,1
ሙሬ አፍ,Idiom,0
በማታው መርሃ ግብር ተማረ,Literal ,1
እውረ ልብ,Idiom,0
ፍአቂ ቁርበቱን አናጢ እንጨቱን,Proverb,2
አልባ,Literal ,1
ባህር ዳር ቤቴ,Literal ,1
ቤተ አዳራሽ,Literal ,1
ነገሮች ቀላል አይሆኑም,Literal ,1
እንግዲያስ ለራት,Literal ,1
የመሳሳት ፍርሃት,Literal ,1
ቀፈቀፈ,Idiom,0
አይኑ ቀላ,Idiom,0
ቅዱስ ገብርኤል,Literal ,1
የመንደር ጋለሞታ ነው,Literal ,1
ካረጁ አይበጁ,Proverb,2
ተመላሾቹ በረራ ሲጀምሩ,Literal ,1
የሞት አደጋ,Literal ,1
ቁጭትና መጠጥ ለጊዜው ይጣፍጥ,Proverb,2
አይኑ ወለቀ,Idiom,0
ቁራ ያወለቀው,Idiom,0
ነብር ቢያንቀላፋ ዝንጀሮ ጎበኘው,Proverb,2
በዚህ ተቀይመህ ሰው ትርቃለህ,Literal ,1
ጓደኛ አለችህ,Literal ,1
ነገረኛ ሰው ከቤቱ አይሞትም,Proverb,2
ሆዴ,Idiom,0
ልቡ ጠፋ,Idiom,0
አሩን በላው,Idiom,0
በረዶ ውሀ,Literal ,1
ውጤቱ ደም መፋሰስ ብቻ ነው,Literal ,1
ቃል ገባ,Idiom,0
የተፈሳው ፈስ ለከተማው ይሸታል,Idiom,0
ነክሶ ያዘ,Idiom,0
ደጋ ዳሞት,Literal ,1
ወርክሾፕ ተካሄደ,Literal ,1
የሚያልፍ ዝናም አይምታህ የሚያድግ ልጅ አይጥላህ,Proverb,2
ልጅየው ሆነ አባትየው,Proverb,2
ፊት ነሳ,Idiom,0
ዉሀ ሽንት,Idiom,0
እሺ ይበልጣል ከሺ,Proverb,2
ተነግሮ የማያልቅ,Literal ,1
መጽሀፍ ቅዱስ,Literal ,1
ድንበር ረገጠ,Idiom,0
ዶሮ ብትታመም በግ አረዱላት,Proverb,2
አመለ ናጫ,Idiom,0
መጥፎ ጸባይ,Literal ,1
ስሜት,Literal ,1
ለገበሬ መልካም በሬ,Proverb,2
መስቀል,Literal ,1
አፍ አወጣ,Idiom,0
ለቅሶ መቀመጥ,Idiom,0
ቅል ራስ,Idiom,0
የማያስተኛ ነግረውህ ተኝተው ያድራሉ,Proverb,2
ኢትዮጵያ አድጋለች,Literal ,1
ከማን አንሼ,Idiom,0
በነገር ሸነቆጠው,Idiom,0
የልመና እህል,Idiom,0
ነገር ለደፈብኝ,Idiom,0
የማያዋጣ ጸሎት,Idiom,0
በእንባ ተራጨ,Idiom,0
አህያ ታመዱ ሰው ተዘመዱ,Proverb,2
ሙልጭ አለ,Idiom,0
እቺም ቂጥ ሆና ስንጥቅ ተበጀላት,Proverb,2
ቃለ ከባድ,Idiom,0
ነጋ ሌሊቱ ስጋ ሌማቱ,Idiom,0
ከእጅ ወደ አፍ,Proverb,2
ባሏን አጎዳው ብላ እንትኗን በእንጨት ወጋች,Proverb,2
አቃለጠ,Idiom,0
ጥቂት ሰዎች,Literal ,1
አሸሼ ገዳሜ,Idiom,0
ከንፈረ ስስ,Idiom,0
አዝኘ ባቅፋት አንቅልፍ ወሰዳት,Proverb,2
የሆነ ተስፋ,Literal ,1
የሚጮህ ውሻ አይናከስም,Proverb,2
መልዕክት,Literal ,1
አስተዋፅኦ,Literal ,1
ልዩ የኢፍጣር መርሃ ግብር,Literal ,1
ያስቀሩባቸዉን ጥቅም,Literal ,1
እንዳያማህ ጥራው እንዳይበላ ግፋው,Proverb,2
ወንድ እንደያዙት ነው,Proverb,2
ኦርቶዶክስ ተዋህዶ,Literal ,1
ደሜ ከደማቸው ተቀላቅሏል,Idiom,0
ደብረ በረከት,Literal ,1
ቡዳ ቀረጠፈው,Idiom,0
ዝጉብኝ,Idiom,0
በቅናሽ ዋጋ,Literal ,1
ችግር አለው,Idiom,0
የሴት ጠጭና የአህያ ፈንጪ አያድርስ ነው,Proverb,2
እድሜሽን ልትነግሪኝ ትችያለሽ,Literal ,1
ባይኑ ቂጥ አየ,Idiom,0
የሴት ምራቋ ወፍራም ነው,Proverb,2
እከደከ ስይጣን,Idiom,0
ሕግ እንደራቁ,Literal ,1
አፈር ጠራው,Idiom,0
በግልጽ የተረጋገጠበት ነው,Literal ,1
ለራስ ሲቆርሱ አያሳንሱ,Proverb,2
ሀብተ ሰባራ,Idiom,0
አእምሮ ሲከፈት,Literal ,1
መረን ወጣ,Idiom,0
ቅቤ መዛኝ ድርቅ ያወራል,Proverb,2
የትዳር አጋር,Literal ,1
መንታ ልብ,Idiom,0
እንደሚሰማት አላውቅም ነበር,Literal ,1
የንፅፅር ጉዳይ,Literal ,1
እንደ ዘገባው ከሆነ,Literal ,1
ጀምሮ ይጨርሳል ለጉሞ ይተኩሳል,Proverb,2
ዝም አለማለቴ,Literal ,1
ልብ ወለድ,Literal ,1
አጨብጫቢ,Idiom,0
መልካም ባአል,Literal ,1
ፒያሳ በሚገኘው,Literal ,1
ደንጊያ ራስ,Idiom,0
ጉድ አንድ ሰሞን ነው,Proverb,2
መረጃዎች,Literal ,1
ሴቶች መብት,Literal ,1
መፍትሄ ቢሰጠው,Literal ,1
ፈቃድ,Literal ,1
ህትመት,Literal ,1
ቀንደኛ ጠላታችን ነው,Literal ,1
አፍንጫ አቅልጥ,Idiom,0
መምህር መሆን,Literal ,1
የምታቀርብበት ወሰን,Literal ,1
ፊት ያሞጠሙጣል ኋላ ይስሟል,Proverb,2
ቁሞ ከማማረር ሻማዎችን ማብራት,Literal ,1
ገጹ ላይ,Literal ,1
የጠሉትን ጠልተህ የወደዱትን ብትወድ,Literal ,1
ቀላል ሰው ነው,Idiom,0
ማርም አይልስ,Idiom,0
ተቃራኒ ጾታ አይወድም,Literal ,1
እንቁላል ቀስ በቀስ በእግሩ ይሄዳል,Proverb,2
የምታቀርብበት ወሰን,Literal ,1
የግመል ሽንት ይመስል ሁሌ ወደኋላ,Proverb,2
የአይጥ ምስክር,Idiom,0
ወገበ ቀጭን,Idiom,0
አዳሬ ብዬ,Idiom,0
እርጥብ ነው,Idiom,0
ለሚያግዟቸው,Literal ,1
ዞሮ ዞሮ ወደቤት ኖሮ ኖሮ ወደ መሬት,Proverb,2
ግዳይ ጣለ,Idiom,0
ከአጋም የተጠጋ ቁልቋል ዘላለም ሲያለቅስ ይኖራል,Proverb,2
ሆድ ሲያውቅ ዶሮ ማታ,Proverb,2
ደመ ቁጡ,Idiom,0
በቆፈሩት ጉድጓድ መቀበር አይቀርም,Proverb,2
ቃር አያውቅሽ,Idiom,0
ወንድ አለ,Literal ,1
ሽጋ መለሎ,Literal ,1
የሚካኤል ስለት ለገብርኤል ምኑ ነው,Proverb,2
እሾህ አፍ,Idiom,0
ከፋ እልቂት እንዳይመጣ ጥረታችሁን ቀጥሉ,Literal ,1
ትለብሰው የላት ትከናነበው አማራት,Proverb,2
ወፈፍ ወፈፍ አደረገ,Idiom,0
ፍቅር አሟጠጠ,Idiom,0
ዘመድና ሚዛን ከወገብ ይይዛል,Proverb,2
አዉራ ሌሊት,Idiom,0
ሆኖም አያውቅ,Idiom,0
የተዛባ ግንዛቤ,Literal ,1
ቡና እና ማሽላ እየሳቀ ያራል,Proverb,2
ሆደ መጋዝ,Idiom,0
ገላጋይ አጥቼ ግልገሌን በላኋት,Proverb,2
አፉን ያሞጠሙጣል,Idiom,0
ሀሞቱ ፈሰሰ,Idiom,0
ነጭ ሽንኩርት,Literal ,1
ውጭዬን እንጅ ውስጤን አታውቅም,Idiom,0
ቀን ጎደለበት,Idiom,0
ለአይን የሚከብድ ሰው,Idiom,0
እዉነተኛ ፍቅር,Literal ,1
ስርዓተ ቀብራቸው,Literal ,1
ህይወት የለሽ,Literal ,1
ትዳሩ ሞላ,Idiom,0
አልሳም ቢክ,Literal ,1
ተመሳሳይ ካልተገኘለት,Literal ,1
ሆዱ ቃረ,Idiom,0
ዛጎል አይን,Idiom,0
ዛሬ ጠዋት,Literal ,1
ልቡ ራሰ,Idiom,0
ከስህተቶቻችሁ ይበልጥ ትማራላቹ,Literal ,1
እብድ የጣለው,Idiom,0
የምንመራበትን,Literal ,1
ኮቴውን ነው ያገኘው,Idiom,0
የሰላም መደፍረስ,Literal ,1
ሀሜተኛ ያፍራል ሀስተኛ ይረታል,Proverb,2
ትዳር መመሥረት ይቻል ይሆን,Literal ,1
የግንባር ስጋ,Idiom,0
የሚገኙ የተወሰኑ ፓርኮች ናቸው,Literal ,1
የኢትዮጵያ ንግድ ባንክ,Literal ,1
ተግደርዳሪ ጦም አዳሪ,Proverb,2
በር መታ,Idiom,0
ወጣት,Literal ,1
ታሞ ከመሟቀቅ አስቀድሞ መጠንቀቅ,Proverb,2
ጥናታዊ ጹሁፍ,Literal ,1
ክርስትና አነሳኝ,Idiom,0
ነገር አከረረ,Idiom,0
ይሉኝ አይል,Idiom,0
የሆዴን ነግሬው ነበር,Idiom,0
ለፍቶ መና,Idiom,0
ልጅ ምን ቢሮጥ አባቱን አይቀድምም,Proverb,2
የልጅ ቀላቢ የአህያ ጋላቢ,Proverb,2
እፍረት የለሽ,Idiom,0
ዘመን እንደንጉሱ አውድማ እንደንፋሱ,Proverb,2
ሱሪ በራስ አውልቅ,Idiom,0
ዶሮን ሲያታልሏት በመጫኛ ጣሏት,Proverb,2
እንደምን ዋላችሁ,Literal ,1
ሀይ አለ,Idiom,0
ቤት መጣ,Literal ,1
ወገቧን ፈታች,Idiom,0
ሞት,Literal ,1
መሸጦ,Idiom,0
ውሀ ላነቀው ባለቤቱ ላላወቀው መድሀኒት የለውም,Proverb,2
ፊቱ መጠጠ,Idiom,0
አህል አላሰኘውም,Idiom,0
በሰላም መጥፋትና ጦርነት,Literal ,1
ጉልበት አለፈበት,Idiom,0
አፍአ ወጣ,Idiom,0
መስቀል ተሰላጢን,Idiom,0
ከልብ እናመሰግናለን,Idiom,0
ረዳኤታም እህል,Idiom,0
ተመሳሳይ ሀሳብ,Literal ,1
እከከኝ ልከክህ,Idiom,0
እያሰቡ መራብ,Literal ,1
አመሠግናለሁ ወንድሜ,Literal ,1
ሰማንያዋ ወረደ,Idiom,0
ትምህርት ቤት,Literal ,1
ለወደፊት,Literal ,1
እሱን አየሁ,Literal ,1
እንዴት ናችሁ,Literal ,1
የጣሪያ ስር,Literal ,1
አንደበቱ ድውይ የፈውሳል,Idiom,0
አያ ጅቦ ሳታመካኝ ብላኝ,Proverb,2
ልቡ ወደደ,Idiom,0
የጅብ ፍቅር,Idiom,0
ተቀበሉ,Literal ,1
በመጠጥ ተራጨ,Idiom,0
ውሀ ቢደርቅ አሳ ያልቅ,Proverb,2
ተማክረው የፈሱት ፈስ አይገማም,Proverb,2
ልሳኑ ተዘጋ,Idiom,0
አደራ,Literal ,1
እንደ ሀገር ትልቅ ችግር,Literal ,1
ዥብ ጋላቢ,Idiom,0
መንፈሳዊ ከፍታ,Literal ,1
ልብሰ ተማሪ,Idiom,0
ውዳሴ  አዳነ ቤት አዘጋጅታለች,Literal ,1
ስድ ቤት,Idiom,0
መሟጠጫ,Idiom,0
ትከሻ ሰጠ,Idiom,0
ቃል ለምድር ለሰማይ አለ,Idiom,0
የህግተማሪዎች የምስለ ችሎት,Literal ,1
አዳማጭ,Literal ,1
ከባድ የህይወት ፈተና,Literal ,1
አንዳንዴ በዋልድባም ይዘፈናል,Idiom,0
አይነ ወግ,Idiom,0
አዋጭ,Literal ,1
ከፍቼ,Literal ,1
በዚህ ፍጥነት አግኝቻለሁ,Literal ,1
ስቃይ የሂደቱ አካል ነው,Literal ,1
የማያውቁት አገር አይናፍቅም,Proverb,2
በአመሉ ደገለኝ,Idiom,0
አውቆ አበደ,Idiom,0
ጡጥም ከፈስ ተቆጠረች,Proverb,2
ትምህርት ቤት ያለንበት ጊዜ,Literal ,1
እንጀራ በወጥ,Literal ,1
የማይገለጥ የተሰወረ የለም,Literal ,1
እሱ ቀርቶ ሌላ ዘፈን ወጥቶ,Proverb,2
ካለስንቅ መንገድ ካለገንዘብ ንግድ,Proverb,2
የሚያብረቀርቅ ሁሉ ወርቅ አይደለም,Proverb,2
ዘፈን በበገና ነገር በዋና,Proverb,2
ልብሱን ለወጠ,Idiom,0
ቅያሜ ሲያጣፋ,Literal ,1
እንደተረከበው,Idiom,0
ቂጣ,Idiom,0
የቆጡን አወርድ ብላ የብብቷን ጣለች,Proverb,2
መንገድ ላይ,Literal ,1
ዜና ሙዳይ,Literal ,1
ሲፈራ ሲቸር,Idiom,0
ሲያቀና ዋለ,Idiom,0
ስም ከመቃብር በላይ ይቆማል,Proverb,2
ጅራፍ እራሱ ገርፎ እራሱ ይጮሃል,Proverb,2
ጅማ አባጅፋር,Literal ,1
ከአባታችሁ ከዲያብሎስ ናችሁ,Literal ,1
ወድቃ,Literal ,1
ሳብ ረገብ አደረገ,Idiom,0
ኪስ አዉላቂ,Idiom,0
ነቃላ,Idiom,0
የኑሮ ውድነት,Literal ,1
ግራ ክንፍ,Literal ,1
ወሮበላ,Idiom,0
እባብ ለእባብ ይተያያል ካብ ለካብ,Proverb,2
አሻራ,Literal ,1
ለማንም የማይበረከት,Literal ,1
ጥሩ እድል,Literal ,1
እድገት የለም,Literal ,1
ተነስቶ ሄደ,Literal ,1
እድሜው ሞላ,Idiom,0
ማመኑ አስቀድሞ ይመጣል,Literal ,1
ሕይወታቸው ማለፉን,Literal ,1
ቀለም ገባው,Idiom,0
ውል ያዋውላል ታንኳ ያሻግራል አቧራ ያስላል,Proverb,2
ራሰ ከባድ,Idiom,0
ግንጥል ጌጥ,Idiom,0
ርባ ስባ,Idiom,0
ጋን ታረደ ሙክት ተዘነበለ,Idiom,0
እሽሽ ኩምሽሽ አለ,Idiom,0
ፍርጥ ብትል አልነግርህም,Idiom,0
ልባም ሴት ለባልዋ ዘውድ ናት,Proverb,2
ባንድ ድንጋይ ሁለት ወፍ,Proverb,2
የሰው ስም አትጥራ,Idiom,0
በነገር ሸቀጠ,Idiom,0
ተገቢነት የሌላቸው ናቸው,Literal ,1
እየተወሰደች,Literal ,1
ሁለተኛ ጥፋት ቆሞ ማንቀላፋት,Proverb,2
አልጋ ወራሽ,Idiom,0
ልበ ጡል,Idiom,0
በቅሎ ግዙ ግዙ አንድ አሞሌ ጨው ላያግዙ,Proverb,2
ጉዳት አስከተለ,Literal ,1
አዉሬ ቀሰቀሰ,Idiom,0
ሁሉም ከልኩ አያልፍም,Proverb,2
እንባ ሲሻኝ አይኔን ጢስ ወጋኝ,Proverb,2
የፈሪ በትር ሆድ ይቀትር,Proverb,2
የልብስ ቀላል ባለቤቱን ያቀላል,Proverb,2
መጥፎ እድል,Literal ,1
አፉን አሾለ,Idiom,0
በትግራይ ሕዝብ,Literal ,1
ቅጡም እንዲያ ነው,Idiom,0
እጠብ ልቡናህን,Literal ,1
የንስሀ አባት መያዝ አለብህ,Literal ,1
አህያን በመንገድ ካህንን በመርገድ,Proverb,2
ወልዶ አይስም,Idiom,0
አልጋ በአልጋ ነው መንገዱ,Idiom,0
ዘመነ ግልምቢጥ ውሻ ወደ ሰርዶ አህያ ወደ ሊጥ,Proverb,2
ዉስጣዊ ስሜቴን,Literal ,1
እኔን መቃብር,Literal ,1
ቤቴ የሚል,Literal ,1
የፈተና ማዕከላት ምደባ,Literal ,1
የማደርገውን ነበር የምታደርገው,Literal ,1
ልቡ ሞተ,Idiom,0
አለባብሰው ቢያርሱ በአረም ይመለሱ,Proverb,2
ለመከራ የጣፈው ቢነግድ አይተርፈው,Proverb,2
ንጉስ አይከሰስ ሰማይ አይታረስ,Proverb,2
ያን ሀገር ሠሪ,Literal ,1
በተመሳሳይ ስዓት,Literal ,1
የዛፍ ጥቅሞች ብዙ ናቸው,Literal ,1
አውቀሽ ከተደፋሽ ቢረግጡሽ አይክፋሽ,Proverb,2
አንደበተ ስል,Idiom,0
ነገር ፈጣሪውን እሾህ አጣሪውን,Proverb,2
አይኑን በአይኑ አየ,Idiom,0
ፍርደ ገምዳይ እውነት አጉዳይ,Proverb,2
እንዳዩ መብላት ሆድ ያሰፋል,Proverb,2
ሹመት ሺህ ሞት,Proverb,2
ቄስ ካናዘዘው እድሜ ያናዘዘው,Proverb,2
ምድር ቀለጠ,Idiom,0
የጅብ ችኩል ቀንድ ይነክሳል,Proverb,2
የኮሬ ዞን,Literal ,1
ደም አፈሰሰ,Idiom,0
አትሩጥ አንጋጥ,Proverb,2
የልጅ አዋቂ,Idiom,0
አፌን በዳቦ,Idiom,0
ልቡ አልሰከነም,Idiom,0
የስሜት መነቃቃት,Literal ,1
ትምህርት እና መምህር,Literal ,1
በደሙ ገባ,Idiom,0
የስራ አጋር,Literal ,1
የወረት ውሻ ስሟ ወለተኪሮስ,Proverb,2
ስምን መልአክ ያወጣዋል,Proverb,2
ነገር አላፊ,Idiom,0
ቂጥኝ ነካው,Idiom,0
ስንት ወር,Literal ,1
የእቡይ ሞረድ,Idiom,0
በቦሃ ላይ ቆረቆር,Proverb,2
አዳዲስ እድገቶች,Literal ,1
መኸር አልሰጠም,Idiom,0
እሳት የላሰ,Idiom,0
ደም የላትም,Idiom,0
ምን አለ አስማተኛ በሆንኩ,Literal ,1
ሆድ ሆዴን በላኝ,Idiom,0
የእስልምና ሃይማኖት,Literal ,1
እንግዳና ሞት በድንገት,Proverb,2
ሳያሽ የበላ ዝንጀሮ ሲስል ያድራል,Proverb,2
የሰማይ ቤት,Idiom,0
አፈር ቀመሰ,Idiom,0
የላም ወተቱን የጌታ ከብቱን,Proverb,2
እጸድቅ ብዬ ባዝላት ተንጠልጥላ ቀረች,Proverb,2
ሀዊረ ህይወት,Literal ,1
ትፈጭ የነበረች ማንጓለል ተሳናት,Proverb,2
ሳምልኝ,Idiom,0
አፈር  ይቅለለው,Idiom,0
ምግብ አቀረበ,Literal ,1
ዛሬ በሸራተን ሆቴል አካሂዷል,Literal ,1
ታጣቂዎች,Literal ,1
አከናነበ,Idiom,0
ምላሽ,Literal ,1
ፊቱን አይቼው ሁሉ ነገር በቀረብኝ,Idiom,0
ገጠ ቢስ,Idiom,0
የሰውነት ማጎልመሻ,Literal ,1
የትግል አጋር,Literal ,1
ጭብጥ ቆሎ ይዘህ ወደ አሻሮ ተጠጋ,Proverb,2
ሰማይ ነካ,Idiom,0
ያብቃን አለ,Literal ,1
መልካም እድል,Literal ,1
ለማኝ አያማርጥም ማር አይኮመጥጥም,Proverb,2
ቁስለ ስጋ,Idiom,0
የመማር ፍላጎት,Literal ,1
እዚያው ፈላ እዚያው ሞላ,Idiom,0
ተቋማዊ ለማድረግ,Literal ,1
የከሰለ እንጨት መስሏል,Idiom,0
ቅል አንገት,Idiom,0
ሰምና ፈትል,Idiom,0
ፍየል አፍ,Idiom,0
ካልጋ ወደቀ,Idiom,0
ይልቁንም የሚወገዝ,Literal ,1
አደጋ ላይ ጥሎታል,Literal ,1
አራገጠ,Idiom,0
ስረ ነገር,Idiom,0
ልብ አለ,Idiom,0
የጠበቃ ሙያ የታወቀ ነው,Literal ,1
ጆሮ ጠቢ,Idiom,0
ልቤ ወደቀባት,Idiom,0
መቼ የተጎዳ ተካሰ,Literal ,1
ሳይደግስ አይጣላም,Proverb,2
መድከም ያለ ነው,Literal ,1
ለመስራት ያፈረ ለመብላት ደፈረ,Proverb,2
ሕይወት መኖር,Literal ,1
እባክህ በደረቁ አትላጨኝ,Idiom,0
ውሽማዋን ብታይ ባልዋን ጠላች,Proverb,2
ከተናገረዉ በኋላ,Literal ,1
የልብ ሰንኮፍ,Idiom,0
ልቤን አልነካኝም,Idiom,0
የዉድድር ምርጫ,Literal ,1
በዛብህ ተነሳ,Literal ,1
የኋላ ታሪክ አስፈላጊ ነው,Literal ,1
በቁሙ ቀበረው,Idiom,0
ቀዝቃዛው ጦርነት,Literal ,1
ልቡ ቆሰለ,Idiom,0
ቀልደኛ ጎረምሳ እያራ ያፏጫል,Proverb,2
ሀገሬ ኢትዮጵያ,Literal ,1
አለማረፍ የተርብ ቤት መቀስቀስ,Proverb,2
አይኑን አነሳ,Idiom,0
ዳቦ በገና ቡና በጀበና,Proverb,2
አስቸጋሪ ወቅቶችን አሳልፏል,Literal ,1
ቢረግጥ ይገል,Idiom,0
ሴቴ መሬት,Idiom,0
ስር ነቃይ,Idiom,0
ነጻ የወጡ ምያንማር,Literal ,1
የአገሩን መሬት በአገሩ በሬ,Proverb,2
ድንግል ማርያም,Literal ,1
ጅራትና ሀሜት በስተኋላ ነው,Proverb,2
አለምን አሸነፈ,Idiom,0
አይነ ጥላው ተገለጠለት,Idiom,0
ባለእጅ,Idiom,0
ዘመዱን ሸኘ,Idiom,0
ቀትረ ቀላል,Idiom,0
ችግር በቅቤ ያስበላል አለች ዉሻ,Proverb,2
በአፋቸው ውስጥ ይሰብራል,Literal ,1
የሴት ልጅ,Idiom,0
አይጠቅም ጠላ ከጎረቤት ያጣላ,Proverb,2
ቅዱስ ሚካኤል,Literal ,1
ማን ይናገር የነበረ ማን ያርዳ የቀበረ,Proverb,2
አደራ በላ,Idiom,0
ትርጉም የለሽ,Literal ,1
መራጭ ይወድቃል ከምራጭ,Proverb,2
ቅስሙ ተሰበረ,Idiom,0
ሀሰተኛ ያወራውን ፈረሰኛ አይመልሰውም,Proverb,2
ፍኖት እንደሌለው,Literal ,1
ዉሃ ቀጠነ,Idiom,0
ሁሉ አገርሽ,Idiom,0
እግር አወጣ,Idiom,0
በሙቅ ውሀ የታጠበ በሰው ገንዘብ የቸረ,Proverb,2
ለተደጋጋሚ ጥቃት,Literal ,1
ሀብታም ሀገር,Literal ,1
ውሀ ቢጠቅምህም ማአበሉን አትመኝ,Proverb,2
ልቡ አደገ,Idiom,0
ሀምሌና ሙሽራ ሳይገለጡ ነው,Proverb,2
አሁን ብዙ ልታዉቅ ነው,Literal ,1
ክብርህን ጠብቅ,Proverb,2
መጥፎ ጠረን,Literal ,1
አይኑ ፈዘዘ,Idiom,0
መሰረት የሚዘጋጅ ይሆናል,Literal ,1
ልበ ፈሪ,Idiom,0
ስንት አየሁ,Literal ,1
ለወቀሳ ያብቃህ,Idiom,0
የልብ ልብ በቃው,Idiom,0
ወዶ አይስቅ,Idiom,0
መልዕክት አስተላልፈዋል,Literal ,1
ግራ ገባኝ,Literal ,1
የውል ሚስት,Idiom,0
ዘርቶ መቃም ወልዶ መሳም,Proverb,2
አይነ ልም,Idiom,0
አሳዳጊ የበለው,Idiom,0
ማስመለስ,Idiom,0
ሚስትህን ስደድ በሬህን አረድ ይላል የባለጌ ዘመድ,Proverb,2
ለኢትዮጲያ ገበያ,Literal ,1
ህገ መንግስት ይከበር,Literal ,1
ምን ቆረጠኝ,Idiom,0
ወቅታ መረጃ,Literal ,1
አመሉ ይለዋወጣል,Literal ,1
ሞገደኛ ዝናብ,Literal ,1
ላባ ቀረሽ,Idiom,0
ዶሮ ጭራ ጭራ መታረጃዋን ታወጣለች,Proverb,2
ስጋማ,Idiom,0
በላብህ በወዝሕ ብላ,Idiom,0
ዘመድና መድሀኒት የተቸገሩ ለት,Proverb,2
ዋጋ አሳበረ,Idiom,0
ሰው መሆን አይቀርም,Idiom,0
ለመጀመሪያ ጊዜ,Literal ,1
አምቡላውን አነሳ,Idiom,0
ልቡ ሰባ,Idiom,0
ምንህ ነው,Idiom,0
የስጋ ቁራጭ,Idiom,0
የወጣለት ከብት,Idiom,0
ጽህፍት ቤት,Literal ,1
የሚከለክል ሕግ የለም,Literal ,1
ክራር ግንባር,Idiom,0
ሀኪም ሲበዛ በሽተኛው ይሞታል,Proverb,2
ይቅር አለ,Idiom,0
ደሙን ተራምዶ ሄደ,Idiom,0
ተስፋ አስቆራጭ,Literal ,1
አለንጋ ጣት,Idiom,0
ኢ-ሥነምግባራዊ እና ሕገ ወጥ,Literal ,1
ጸሀይ ሳለ ሩጥ አባት ሳለ አጊጥ,Proverb,2
ዘመድና መድሀኒት በተቸገረ ቀን ይፈለጋል,Proverb,2
ጭር አለች,Idiom,0
ያገር ልጅ የማር ጠጅ,Proverb,2
የአይጥ ሞት የድመት ሰርግ,Proverb,2
ገበታው ሳሳ,Idiom,0
ሞክረን ስህተትን ብንሰራ,Literal ,1
ሀሳቡን ጣለ,Idiom,0
በመፈለግ,Literal ,1
ጅብን ለመግደል ከአህያ ተጠለል,Proverb,2
ስብራት ያልሰመረ ጥበቃ ውጤት ነው,Literal ,1
የፈሰሰ አይታፈስ የሞተ አይመለስ,Proverb,2
መሆኑን ተገንዝበው,Literal ,1
እንዲገኙ ብሏል,Literal ,1
ከህግ በላይ,Literal ,1
አስደገደገ,Idiom,0
ሆድ እና ጀርባ,Idiom,0
ሆዱን ሰጠ,Idiom,0
መሬቱ ጦም አደረ,Idiom,0
መገባቱ እጅግ የሚያሳዝን ነው,Literal ,1
ሳይቃጠል በቅጠል,Proverb,2
ሰነፍ መረቅ,Idiom,0
ተስፋቸው የሆንህ,Literal ,1
ዘመድ ቢረዳዳ ችግርም አይጎዳ,Proverb,2
ነገር ቀረቀረብኝ,Idiom,0
እፍ ያለ እንጀራ,Idiom,0
የደላው ሙቅ ያኝካል,Proverb,2
ቀጥቃጣ,Idiom,0
መጥምቀ መለኮት,Literal ,1
ጥሩ አይደለም,Literal ,1
አንገቱን መዘዘ,Idiom,0
ቅድስት ኤልሳቤጥ,Literal ,1
ሀሳብ ገባው,Idiom,0
ልቤን አደማው,Idiom,0
ጆሮ ግንዱን አልኩት,Idiom,0
ተፈጥሮን ተመክሮ አይመልሰውም,Proverb,2
ጩኸቴን ቀሙኝ,Idiom,0
ቅቤ አንጓች,Idiom,0
ልቡን ሰወረው,Idiom,0
ውሃ ቀስ በቀስ አለትን ይበሳል,Proverb,2
እብድ ፍቅር,Literal ,1
ነፍስ አድን,Idiom,0
ለው ለው አትበል,Idiom,0
ዘመን የሰጠው ቅል ድንጋይ ይሰብራል,Proverb,2
የነበራት ወይዘሮ,Literal ,1
እንደምንም ብለዉ,Literal ,1
ክቡራን ናቸው,Literal ,1
መሰረት,Literal ,1
እየበዳኋት ታንቀላፋለች,Proverb,2
ስርቆሽ በር,Idiom,0
የማያፍር እንግዳ ባለቤቱን ይጋብዛል,Proverb,2
ግሩፕ,Literal ,1
የንግግር ለውጥ,Literal ,1
መልስ እፈልጋለሁ,Literal ,1
ጥላቻን ትንዳለህ,Literal ,1
እሽ እናመሰግናለን,Literal ,1
ሰነፍ ምርት,Idiom,0
ከንፈሯን መገመገው,Idiom,0
እንደምን አመሻችሁ,Literal ,1
አንፀባራቂ,Literal ,1
ሀገር እንዳይፈርስ,Literal ,1
በራሴ ጊዜ,Literal ,1
የሚያዘው የሚጨብጠው ጠፍቶታል,Idiom,0
አባ ሙላት,Literal ,1
ደም ሸተተው,Idiom,0
ዜማውን አለዘበ,Idiom,0
ሰንደቅ ኣላማ,Literal ,1
ጫን ካለ ጫን ይፈጃል,Proverb,2
ሎሌና አሞሌ ካዘዙት ይውላል,Proverb,2
አምባ ለአምባ ባይ,Idiom,0
እጀ ሰብ,Idiom,0
የደም ዋጋ,Idiom,0
ሙሉ ሰው,Idiom,0
ልቡ ተቃጠለ,Idiom,0
የምድሩን በአፍ የሰማዩን በመጣፍ,Proverb,2
አገረ ገብ,Idiom,0
አድርጓል,Literal ,1
ለማስታወስ ይወዳል,Literal ,1
የደስታ ቤት,Literal ,1
ያልተነካ ግልግል ያውቃል,Proverb,2
ልቡ ደፍርሷል,Idiom,0
ሀብተ ስጋ,Idiom,0
ፈር እየያዘ ነው,Literal ,1
ውሻ የጌታውን ጌታ አያውቅም,Proverb,2
ትስሎት በጽሞና ነገር በደመና,Proverb,2
ብላ ቢለኝ እንደ አባቴ በቆመጠኝ,Proverb,2
ወጣ ወጣ ይላል,Idiom,0
ሀፍረት ለበሰ,Idiom,0
ፍርድ ለተቀማጭ ወጥ ለቀላዋጭ,Proverb,2
የወንድ አልጫ የእንዶድ ሙቀጫ,Proverb,2
ልብስ ገፋፊ,Idiom,0
ወለላ,Idiom,0
ለጊዜው ምክንያቱ,Literal ,1
ጭእካኝና ጪስ መውጫ አያጣም,Proverb,2
መስከረም ሲብት,Idiom,0
ገና ዘንቦ ተባርቆ,Idiom,0
እግረ ቀጭን ይሞታል ሲሉ እግረ ወፍራም ይቀድማል,Proverb,2
በቅሎን አባትሽ ማነው ቢሏት እናቴ ፈረስ ነች አለች,Proverb,2
በማይሰራበት ትርጉም,Literal ,1
አምባገነን ፕሬዜዳንት ነበር,Literal ,1
አፉ ጋን ጋን ይላል,Idiom,0
በሁለቱ ሀገራት መካከል,Literal ,1
ደሞዝ ደረሰ,Literal ,1
ዘመዱን ያማ ለራሱ ገማ,Proverb,2
ለይቶ አየ,Literal ,1
ኮምፒዩተር ሰለጠነ,Literal ,1
እስዋ አታለቅስ,Literal ,1
ከልጅ ልጅ ቢለዩ,Idiom,0
አስፈላጊ ነዉ,Literal ,1
አደይ አበባ,Literal ,1
የዝሆን ጆሮ ይስጠኝ አለ,Idiom,0
ለይስሙላ,Idiom,0
ቂጥ ገልቦ ክንብንብ,Proverb,2
የጊዜያዊ ተኩስ አቁም,Literal ,1
ልብስ አስቀደደ,Idiom,0
በማሳየት ፈንታ,Literal ,1
ደረቷ ያምራል,Idiom,0
ርካሽ,Idiom,0
ራቤ,Idiom,0
የካፌ ሠራተኞች ነበሩ,Literal ,1
ወንበሩን ወሰደበት,Idiom,0
የሰው ዘር አለው,Literal ,1
በደንባራ በቅሎ ቃጭል ተጨምሮ,Proverb,2
በምጥ ማርያም አለ,Idiom,0
ማድረጉን አመልክቷል,Literal ,1
መብላቷን ሳታውቅ አጇን ታጠበች,Proverb,2
ዝናብ ከደመና ነገር ከዋና,Proverb,2
ባለህበት ርጋ,Idiom,0
ዘመድ ቢረዳዳ ችግርም አይጎዳ,Proverb,2
ውሀ ምን ያገሳ ድሀ ምን ያወሳ,Proverb,2
በመላው አለም,Literal ,1
ተደብቃ ትጸንሳለች ሰው ሰብስባ ትወልዳለች,Proverb,2
ሰነፍ ገበሬ በሰኔ ይሞታል,Proverb,2
ምዕራባዊነት እና ዓለማዊነት,Literal ,1
እናት አደግ,Idiom,0
የወንድም ልጅ ባይወልዱትም ልጅ,Proverb,2
ድንገት ሳላቅድ,Literal ,1
ምድር እና ሰማይ ዞረበት,Idiom,0
አስፈሪ ቀውስ,Literal ,1
ሁሉንም,Literal ,1
የጋሀነብ እሳት,Literal ,1
ተመሮጥ ማንጋጠጥ ይሻላል,Proverb,2
የሴት ትንሽ የለውም,Proverb,2
ቀለበት ስታጠልቅልኝ,Literal ,1
አይፈሩ ፍራት ያዘው,Idiom,0
ዘምቶ ያረጀ በልቶ ያፈጀ,Proverb,2
ምርጊት ፊት,Idiom,0
የሚስት አሳቢ የጥንድ በሬ ሳቢ ይስጥህ,Proverb,2
ጎጆው ፈረሰ,Idiom,0
የህዝብና ዓለም አቀፍ ግንኙነት,Literal ,1
አገር ይያዝልኝ አለ,Idiom,0
ቁቲት በጣሽ,Idiom,0
ቆሌው ተነስቷል,Idiom,0
ጥርሱን አረገፈው,Idiom,0
ልበ ሙት,Idiom,0
መወለድ ቋንቋ ነው,Proverb,2
ምክራቸው,Literal ,1
ሀብታም ሊሰጥ የደሀ ቂጥ ያብጥ,Proverb,2
የአባልነት መመዝገቢያ ፎርም,Literal ,1
ከርሞ ጥጃ,Idiom,0
ሞኝና ወረቀት የያዘውን አይለቅም,Proverb,2
ሙጢ አፍ,Idiom,0
ነርሲቱ አለቻት,Literal ,1
የፓናል ውይይት,Literal ,1
ጨርሰኝ,Idiom,0
ማሻሻያ,Literal ,1
ወረንጦ አፍ,Idiom,0
ፍርድ ቤት,Literal ,1
የድንጋይ ውርወራ,Literal ,1
ጾማ ጾማ ለጸሎተ ሀሙስ አርጎ ትልስ,Proverb,2
ደም ሸተተው,Idiom,0
አጥንት የለሽ,Idiom,0
የወጋ ቢረሳ የተወጋ አይረሳም,Proverb,2
እጁ አጠረ,Idiom,0
አንጀቴ ቁልፍ አለ,Idiom,0
አሟልቶ ሰጠው,Idiom,0
ሆደ ገር,Idiom,0
ሰይጣን ጋለበው,Idiom,0
ግንኙነት ይፍጠሩ,Literal ,1
ሀዘኑን ገልጿል,Literal ,1
እነዚህ ናቸው,Literal ,1
ጸሀይ የጠዋት አዱኛ የሽበት,Proverb,2
ይዋጣላቸው ይመስላል,Literal ,1
ያምና ሞኝ ዘንድሮም ደገመኝ,Proverb,2
ሂያጅ,Idiom,0
እጅ ከፍንጅ,Proverb,2
ምኑ ቅጡ,Idiom,0
አባይ ሚዛን,Idiom,0
መቀበል,Literal ,1
ቁም እስር,Idiom,0
በሰቀለህ እውነታ ነው,Literal ,1
ዋስ የለሽ,Idiom,0
ነገር በምሳሌ ጠጅ በብርሌ,Proverb,2
እራስን መግዛት,Literal ,1
ቅኔ ነጋሪ,Idiom,0
ህመም,Literal ,1
ሰባት አመት ባይማሩ ሰባ አመት ይደንቁሩ,Proverb,2
መምህራን ሊቆጫችሁ ይገባል,Literal ,1
ሙያ እና ችሎታ,Literal ,1
ሰማዩ ተደፋበት,Idiom,0
ሰማይ ለሰማይ,Idiom,0
አንጀቴ ቅቤ ጠጣ,Idiom,0
ለአጋርና ባለድርሻ አካላት,Literal ,1
የምትናገርበትን መንገድ ቀይር,Literal ,1
ሁሉ አማረሽን ገበያ አታውጧት,Proverb,2
ዶሮ በልቶ ብስና ጎመን በልቶ ጤና,Proverb,2
አንድ በሬ ስቦ አንድ ሰው አስቦ,Proverb,2
ተመርጠው ሳይሆን,Literal ,1
ስራ መልቀቅ,Literal ,1
ትገዳደላላቹ,Literal ,1
ነቃሽ,Idiom,0
ፍትፍት የመሰለ ኩታ,Idiom,0
እንዳትቀር አሉ,Literal ,1
የውጭ ምንዛሬ ያስገኛል,Literal ,1
ዘመድ ገዛ,Idiom,0
በአመት ውስጥ,Literal ,1
እግረ ሙቅ,Idiom,0
መልካም ህይወት,Literal ,1
የተማሪን መረጃ,Literal ,1
ልቡ ባከነ,Idiom,0
ወደ ኢትዮጵያ,Literal ,1
እንባውን አፈሰሰ,Idiom,0
መልሱ በጣም አስደነቀኝ,Literal ,1
ሀብታም በመመጽወቱ ድሀ በጸሎቱ,Proverb,2
አስመለከተህና,Idiom,0
የሚያፈስ ቤት ጨቅጫቃ ሚስት,Proverb,2
ሴት አውል,Idiom,0
በቀጣይ የምናቀርብ ይሆናል,Literal ,1
ልብሷን ቀደደች,Idiom,0
አጥብቆ ያሰረ ዘቅዝቆ ይሸከማል,Proverb,2
ምስጋና ይንሳው,Idiom,0
የትስስር ገጾች,Literal ,1
ተጠቃሚ,Literal ,1
እለተ ሞት,Idiom,0
ምላሽ ጠራ,Idiom,0
ያገባሽ ይፈታሻል ወዮለት ለወለደሽ,Proverb,2
ግም ለግም አብረህ አዝግም,Proverb,2
የውበት ሳሎን,Literal ,1
ዱላ ሸተተው,Idiom,0
ታሞ ከመማቀቅ አስቀድሞ መጠንቀቅ,Proverb,2
መኖርማ አለበት,Literal ,1
ምጣኔውን ያስተካክላል,Literal ,1
ሰከላ ወረዳ,Literal ,1
ከድርጊታቸው በመታረም,Literal ,1
ዝርዝር ምስክር,Literal ,1
ነቃ ነቃ አለ,Idiom,0
ጅምላ ጭፍጨፋ,Literal ,1
ላጤ ነኝ ጨዋታዎች,Literal ,1
አልሸሹም ዞር አሉ,Proverb,2
ምጽዋትን,Literal ,1
ሰው ያመነ ውሀ የዘገነ,Proverb,2
ኮቴውን ሰበረው,Idiom,0
ሚሽኑን ጨርሷል,Literal ,1
ቴሌግራም ገጽ,Literal ,1
የሎሌ አልቃሽ የሴት ቀዳሽ,Proverb,2
ጎረፍ ጎረፍ አደረገው,Idiom,0
ዋንጫ ልቅለቃ,Idiom,0
ከመሬት ረገጠው,Idiom,0
ከፊትህ ይነጥለኝ,Idiom,0
ሰውየው ሳተ,Idiom,0
ልበ ሞቃት,Idiom,0
እዳ ሰርጉ ነውር ማእረጉ,Proverb,2
የምትመኘዉን ቀይር,Literal ,1
ተግባር የትኛውንም,Literal ,1
ህመሙን የሽሽገ መድሀኒት የለውም,Proverb,2
ሴትና ቄስ ቀስ,Proverb,2
እንግዳ ደራሽ,Idiom,0
አፉን ፈታ,Idiom,0
እግርህን ሰብስብ,Idiom,0
በለስ ቀናው,Idiom,0
ቃሉን አጎደለ,Idiom,0
ትምህርት ቀላወጠ,Idiom,0
አሸበሸበ,Idiom,0
ዘንጋዳ ተቆረጡት አገዳ እዳኛ ከደረሱ እዳ,Proverb,2
ዝግጁ የማድረግ ሥራ ተሠርቷል,Literal ,1
ቀን ሲያዘነብል,Idiom,0
ሳላስብበት,Literal ,1
ተቋጠረ,Idiom,0
ቢደፏት ቂጥ የላት ቢገለብጧት ጡት የላት,Proverb,2
አላስመሰገናቸውም,Literal ,1
አልጫ ድንች,Literal ,1
መኝታ ቤት,Literal ,1
ቃለ መጠይቅ,Literal ,1
ዘር ከልጓም ይስባል,Proverb,2
ስምህን ቄስ ይጥራው,Idiom,0
በሶ በላ,Literal ,1
ሀዲሱን እንግለጠው,Literal ,1
ከድጡ ወደ ማጡ,Proverb,2
ኃይላቸውን ለማዋሃድ ተስማሙ,Literal ,1
ያልጠረጠረ ተመነጠረ,Proverb,2
ዘመዱን ያማ ገማ,Proverb,2
እጅ መንሻ,Idiom,0
ዙሪያ,Literal ,1
ለደህና ሰው ዋጋ አነሰው,Proverb,2
የቀን ጠማማን ሚዳቆ አትዘለውም,Proverb,2
የግፍ ግፍ በእንቅርት ላይ ጆሮ ደግፍ,Proverb,2
እስከ ማእዜኑ,Idiom,0
የበሬ ግንባር,Idiom,0
ሁሉ አማረኝን ገበያ አታውጣት,Proverb,2
ሾላ በድፍኑ,Idiom,0
ምስጢሩን ዘረገፈልኝ,Idiom,0
መለስ ቀለስ አለ,Idiom,0
አንዳች ነገር,Literal ,1
ደም አደረቀ,Idiom,0
የእንጨት ምንቸት እራሱ አይድን ሌላ አያድን,Proverb,2
በተስፋ,Literal ,1
ለተራበ ቂጣ ለተጠማ ዋንጫ,Proverb,2
ኢንተርኔት አገልግሎት,Literal ,1
የከረረ ጠጅ,Idiom,0
አፈር ገፊ,Idiom,0
ቀንተዉ ነዉ,Literal ,1
አመሳከረ,Idiom,0
ድሀ ሲያገኝ ያጣ አይመስለውም,Proverb,2
እቀልቤ ገባ,Idiom,0
የሴት ጉልበት ምላሱዋ,Proverb,2
ስርቅ ያለ,Idiom,0
ለፈተና የሚቀርቡት,Literal ,1
ጥቅል ጎመን ይበላል,Literal ,1
ልምድ በመውሰድ ጊዜህን,Literal ,1
አለም አየ,Idiom,0
ነገር አመላላሽ,Idiom,0
አትሩጥ አንጋጥ,Proverb,2
የማይተገበር ነው,Literal ,1
ቃሉን ሰጠኝ,Idiom,0
አርቲ ቡርቲ,Idiom,0
ቅድ አፍ,Idiom,0
ስራ ያጣ ሙቅ ያኝካል,Proverb,2
ቂሙን ቀረፈ,Idiom,0
እንባ አላወጣም,Literal ,1
ምስጋና ቢስ,Idiom,0
በማንበብ ትጠመዳለች,Literal ,1
አሉባልታ,Idiom,0
የእንግዳ ቁርበት,Idiom,0
ቁራ ይጮህበታል,Idiom,0
ጉልበቱ ከዳው,Idiom,0
ቀንና ጨርቅ እንደምንም ያልቅ,Proverb,2
ምንም ግድ አይሰጠውም,Literal ,1
የነቶሎ ቶሎ ቤት ግድግዳው ሰንበሌጥ,Proverb,2
ሲጠሩት አቤት ሲልኩት ወዴት,Proverb,2
ፍርድ እንደ አሉላ ጽድቅ እንደ ላሊበላ,Proverb,2
የአመራርነት ቦታ,Literal ,1
ጎጆህ ተሰይሟል,Literal ,1
ባለጊዜ ነን,Literal ,1
ጸጋ ልበስ,Idiom,0
ነገሩ ከሸፈ,Idiom,0
አስመታ,Idiom,0
የስብዕና ልህቀት,Literal ,1
እንደምን አደራችሁ,Literal ,1
ብእር ነቀል ሆነ,Idiom,0
ቃል ሰጠ,Idiom,0
ቡና ኢትዮጵያ,Literal ,1
ተቃራኒ ጾታ መፈላለግ,Literal ,1
ልብ ቀረው,Idiom,0
ክርስቶስ ማነው,Literal ,1
ማተብ አሰረ,Idiom,0
አውጠኝ ላውጥህ,Idiom,0
አይጥ ጣረ ሞት ይዟት ትጫወታለች ድመት,Proverb,2
ሙዚቃ መቀነስና በጸጥታ ማንበብ,Literal ,1
ክፍለ ጊዜ,Literal ,1
የቤት ኪራይ,Literal ,1
አርሶ ዘነበ,Idiom,0
እየተሰበሰበ ተመዝግቦ,Literal ,1
በመላው አለም,Literal ,1
ጄኔራሎችን እንቅልፍ ነስቷቸዋል,Literal ,1
ቅጽበታዊ ድርጊት,Literal ,1
አላውለበልብም,Literal ,1
ምን ከፋኝ,Idiom,0
በምን አንጀቴ,Idiom,0
የመነነ ከዱር የሞተ ከመቃብር,Proverb,2
የወዜን ከፈለኝ,Idiom,0
በገደብ ተለቀቀ,Idiom,0
የሚጠብቁ ብዙዎች,Literal ,1
የንግግር ለውጥ,Literal ,1
ስልጠና ፍላጎት,Literal ,1
ነገር አርግዟል,Idiom,0
እወደድ ባይ,Idiom,0
ከብዳለች,Idiom,0
ከንበል አለ,Idiom,0
ክርስትናን አልተውም,Literal ,1
እጀ መርዝ,Idiom,0
አሁንን የመኖር ሀይል,Literal ,1
ዘረ ጥሩ,Idiom,0
ክፍሌ ነው,Idiom,0
ዘርፉ ውስጥ,Literal ,1
የሴቶች ቁጠባ ሒሳብ,Literal ,1
በአንድ ወቅት,Literal ,1
ጉልበት ብዝበዛ,Literal ,1
ባይሰሙ አጥንታቸዉ,Literal ,1
እጀ ብልህ,Idiom,0
የሚያደፈርስ አገርን,Literal ,1
ለአህያ ማር አይጥማትም,Idiom,0
ጎጆ ወጣ,Idiom,0
በበዛበት ሁኔታ ተገረሙ,Literal ,1
ሴት ከወንድ እህል ከሆድ,Proverb,2
በምኞት,Literal ,1
ሰነፍን ከመውለድ ይሻላል ማስወረድ,Proverb,2
አልተቀራረቡም,Idiom,0
የማያድግ ልጅ ቅዘን ይበዛዋል,Proverb,2
ሀብት የጠዋት ጤዛ ነው,Proverb,2
አረፈ,Idiom,0
ሙሉ ልጃገረድ,Idiom,0
ሆድ ሰጠ,Idiom,0
የኢትዮጵያ ትንሳኤ,Literal ,1
ጠንቋይ ጠየቀ,Idiom,0
ለህክምና እርዳታ,Literal ,1
የጡት አባት,Idiom,0
ሲስሟት ቀርቶ ሲስቧት,Idiom,0
ጡት አዘራር,Idiom,0
ለአገራችን የቴክኖሎጂ ሽግግር,Literal ,1
ሁሉ ተለዋውጠው,Literal ,1
አሙኝ ብለህ ካሙህ አትገኝ,Proverb,2
ሰርገኛ መጣ በርበሬ ቀንጥሱ,Proverb,2
ተመሞት ይሻላል መስንበት,Proverb,2
መሬት አሳመው,Idiom,0
ውሀ በእሳት ሰስ በዳገት,Proverb,2
የውር የድንብር,Idiom,0
ጣት ገማ ተብሎ ቆርጦ አይጣልም,Proverb,2
በሚያዋርድ መልኩ,Literal ,1
የሞተ ሞተ,Idiom,0
ሰውነቱ ከዳው,Idiom,0
በዛብህ የወጣበት በሽታ ከባድ ነው,Literal ,1
ችፍ ችፍ አለ,Idiom,0
በቅሎ ማሰርያዋን በጠሰች ለራስዋ ኣሳጠረች,Proverb,2
ፈተና ጣቢያ,Literal ,1
ውሀ ልትቀዳ ሂዳ እንስራዋን ረስታ መጣች,Proverb,2
ቅቤ ይፍሰስ ከገንፎ አይተርፍ,Proverb,2
በጃኖ በጥለት በራሴም አላስርም,Literal ,1
የትምህርት ስርአት,Literal ,1
ድሀ ባይ አይኔን አመመኝ,Proverb,2
ሳታደርገዉ ቀረች,Literal ,1
ነገር አመላላሽ,Literal ,1
ጥርስና ከንፈር ሲደጋገፍ ያምር,Proverb,2
ሀሳብ ሰነዘረ,Idiom,0
ስጋ ወደሙ,Idiom,0
ሰም ለበስ,Idiom,0
ተነስቶ ሄደ,Literal ,1
የልጅ ነገር ሁለት ፍሬ አንዱ ብስል አንዱ ጥሬ,Proverb,2
ጉባኤያችን በአጽንኦት ይመክራል,Literal ,1
ላም አሳት ወለደች አንዳትልሰው ፈጃት አንዳትተወውም ልጅ ሆነባት,Proverb,2
ከፍ ብለሽ,Literal ,1
ምን ብየ,Idiom,0
ቀይሮኛል,Literal ,1
ፈረስ በራሪ በቅሎ ሰጋሪ,Proverb,2
ብዙዎችን አስገርሟል,Literal ,1
እጀ ጠንቀኛ,Idiom,0
ነቅናቂ ሳለ ማን ጥሩ ይጠጣል,Proverb,2
ነገርን አድምጦ እህልን አላምጦ,Proverb,2
ኮቴ ቢስ,Idiom,0
ስም ከመቃብር በላይ ይቆማል,Proverb,2
አይን አፋር ልጃገረድ ከወንድሟ ትወልድ,Proverb,2
አመድ ከእንጨት ይወጣል,Literal ,1
ጳጉሜ ሲወልስ ጎተራህን አብስ,Proverb,2
ልቡ ቋመጠ,Idiom,0
በማይታይ ፍቅር አበደ,Literal ,1
መሬት ላይ የተቆፈረ,Literal ,1
የማትችለዉ አደጋ,Literal ,1
ምግብ በልተሻል,Literal ,1
ደመ መራራ,Idiom,0
ሆነልኝ,Idiom,0
እንደ አገሩ ይኖሩ አንደ ወንዙ ይሻገሩ,Proverb,2
ትእቢት ውድቀትን ትቀድማለች,Proverb,2
ልጃገረድ,Idiom,0
ዘርቶ ያልበላ አምላክን ጠላ,Proverb,2
የመሰለ ነገር የለም,Literal ,1
ኳስ ራስ,Idiom,0
የሚከተለዉን ነገራት,Literal ,1
ሽመልና ዘንግ ቂልና በግ,Proverb,2
ብረትን መምታት እንደጋለ ነው,Proverb,2
ልብ አብሽቅ,Idiom,0
አላምጠው የተፉት,Idiom,0
መዘመር ማሸብሸብ የተከለከልከው,Literal ,1
አፈ መምህር,Idiom,0
አይሞላለት,Idiom,0
ስራ ቤት,Idiom,0
ከልብ ካለቀሱ እንባ አይገድም,Proverb,2
መለመኛ አጣ,Idiom,0
ልቡ ከዳው,Idiom,0
አንድ ሰኔ የጣለውን አምስት ሰኔ አያድነውም,Proverb,2
እርግጥ,Idiom,0
ኩራት እራት አይሆንም,Proverb,2
ዘርቶ መቃም ወልዶ መሳም,Proverb,2
ዓለማዊ ተቋማት,Literal ,1
ስም ይወጣል ከቤት ይከተላል ጎረቤት,Proverb,2
በኃይለኛም ውኃ ውስጥ,Literal ,1
የወንድ አልጫ የእንዶድ ሙቀጫ,Proverb,2
በሩ ሁሉ ተዘጋበት,Idiom,0
ክፉ መንፈስ,Idiom,0
ዘመን የሚወልደውን ንጉስ የሚፈርደውን,Proverb,2
ለብ አለው,Idiom,0
በጥሪ ለጠፈበት,Idiom,0
ነፍስ ዘራ,Idiom,0
አልታዘዝ አለ,Literal ,1
ከድግግሞሽ የፀዳ አሰራር,Literal ,1
አፍ ያለው ጤፍ ይቆላል,Proverb,2
በውጊያ ሜዳ,Literal ,1
ላንተ መምከር ጥቁር ድንጋይ ላይ ውሀ ማፍሰስ ነው,Proverb,2
ሰው ሆነ,Idiom,0
ቁስሉ ሸፈጠ,Idiom,0
በአንድ ወቅት,Literal ,1
ጣና ሞገድ ይችላል,Literal ,1
እኩሉን ተላጭታ አኩሉን ተቀብታ,Proverb,2
ልበ ሰፊ,Idiom,0
እንባ ማድረቂያ,Idiom,0
ጎጆ መውጣት እንዲህ ይከብዳል,Literal ,1
ቀንዱን አሳየ,Idiom,0
ዕሴትዎን ያከበረ,Literal ,1
ማንነት,Literal ,1
አይኑን ጣለ,Idiom,0
ብላ ባለኝ እንዳባቴ በቆመጠኝ,Proverb,2
ቤተ እምነቶች,Literal ,1
ስብስብ እመቤት,Idiom,0
ማስተዛዘን,Literal ,1
አይነ ጉበኛ,Idiom,0
ብዙ ድካምና ሃብት ያፈሰስክበት,Literal ,1
ሀብቱን ሰነከለበት,Idiom,0
በነገር ቀቀለኝ,Idiom,0
የማያውቁት አገር አይናፍቅም,Proverb,2
እምየ ምኒልክ,Literal ,1
አታግባና የሰው አጥር ዝለል,Proverb,2
ፍንክች ያባ ቢላዋ ልጅ,Idiom,0
ከማሳቸው ተፈናቅለው,Literal ,1
እርሻ ሲሉ ሞፈር ቆረጣ,Proverb,2
ከበደ ህግ ከገባ አመት አልፎታል,Idiom,0
የአለም ነገር ነው,Idiom,0
በጢስ አንዳንድ ብር እንዲዋጣ ታዟል,Idiom,0
ከርስት ነቀለ,Idiom,0
በሆነችው ቻይና,Literal ,1
አይኔን እጠቡኝ አለ,Idiom,0
እድሜዉን ሙሉ,Literal ,1
ስድ,Idiom,0
የሰጡትን ይይዛል,Idiom,0
ሳታገባ ትቀራለች,Literal ,1
ልቡ ሳሳ,Idiom,0
አደብ ገዛ,Idiom,0
ሀብታም በወርቁ ድሀ በጨርቁ,Proverb,2
ጭድ ይዞ እሳት ሳል ይዞ ስርቆት,Proverb,2
ሴት ልጅ ትታለልልሃለች,Literal ,1
የተሰወረ ማንነት,Literal ,1
ጊዜ የሰጠው ቅል ድንጋይ ይሰብራል,Proverb,2
ታታሪ ሰራተኛ,Literal ,1
ዘመናዊ እርሻ,Literal ,1
የስንፍና ማቆሚያዎችዎን ያጥፉ,Literal ,1
እራሷን ታንጻለች,Literal ,1
መቼ ተጠያቂነት ተረጋገጠ,Literal ,1
የጠመጠመ ሁሉ ቄስ አይደለም,Proverb,2
በመጽሀፉ ዉስጥ የሚጠቅም ነገር አገኘ,Literal ,1
በዱላ አራ,Idiom,0
ዘመናዊ አፃፃፍ,Literal ,1
አኩርፈህ ነዉ,Literal ,1
ቆርጦ ቀጥል,Idiom,0
አረስተ ነገር,Idiom,0
ግጥምና ዜማ በመድረስ ክራር,Literal ,1
የስኬት ደረጃ,Literal ,1
ጥሪያችንን,Literal ,1
ቄሱም ዝም መጽሀፉም ዝም,Proverb,2
ጎመን መብላት ይወዳል,Literal ,1
ማማሳያ  እግር,Idiom,0
ለተማሪዎቻችን ደብዳቤ እንልካለን,Literal ,1
መጠኑ ጨመረ,Literal ,1
ትልቁ ዳቦ ሊጥ ሆነ,Proverb,2
ጎጃም,Literal ,1
በምያንማር ግዛት,Literal ,1
አፉን ለቀቀ,Idiom,0
ሽቢያ ጋለበ,Idiom,0
ከተማ ቆረቆረ,Idiom,0
ዉሃ አለች,Literal ,1
እንኑረው,Literal ,1
ራሱን ቀበረ,Idiom,0
እንኳን ዘንቦብሽ እንዲያውም ጤዛ ነሽ,Proverb,2
ምርጫ ምርጫ,Literal ,1
ውሀ አያንቅ ነገር አያልቅ,Proverb,2
አሁን እዩኝ እዩኝ ኋላ ደብቁኝ ደብቁኝ,Proverb,2
ደመ መራራ,Idiom,0
ግብረ ስጋ,Idiom,0
እንደ ሚስቴ አንጂ እንደእናቴ ሀሳብ አታውለኝ,Proverb,2
አዲስ አበባ ስካይ ላይት ሆቴል,Literal ,1
ዲያቆን ከዘፈነ ፍየል ከቀዘነ,Proverb,2
እግዜር ሲጥል እናት አታነሳም,Proverb,2
ዶሮ ሲሉ ሰምታ ሞተች አጢስ ገብታ,Proverb,2
ሴት በማጀት ወንድ በችሎት,Proverb,2
ሆዱ ደረቀ,Idiom,0
መጽሐፎች,Literal ,1
ጣፋጭ ነገር,Literal ,1
የመንታ እናት ተንጋላ ትሞት,Proverb,2
ኢማም ወደ ክርስትና,Literal ,1
የወለድ ነፃ የባንክ አገልግሎት,Literal ,1
ዘመናዊ ስልጣኔዎች,Literal ,1
ንጉስ በመንግስቱ እግዜር በመለኮቱ ጎልማሳ በሚስቱ,Proverb,2
ስብስብ ጨዋ,Idiom,0
የምትችላቸው ሶስት ነገሮች አሉ,Literal ,1
ሳር ቅጠሉ ሁሉ,Idiom,0
ራስ ስሞሽ,Idiom,0
ልጅን ሲወዱ እስከነ ንፍጡ ነው,Proverb,2
ታይቶ በማይታወቅ መልኩ,Literal ,1
ለቀበጠች አማት ሲሶ በትር አላት,Proverb,2
በቸልተኝነት አውሎ ንፋስ የተወሰድን,Literal ,1
የከርሞ ሰው,Idiom,0
ፈተናዎች,Literal ,1
ዳር ሲፈታ መሀል ዳር ይሆናል,Proverb,2
ያህያ ስጋ አልጋ ሲሉት አመድ,Proverb,2
አባትዋ እልፍኝ,Literal ,1
በሰለጠነ አሰራር በመፍታት,Literal ,1
አይንና አፈር,Idiom,0
ሀሰትና ስንቅ እያደረ ያልቅ,Proverb,2
ካብተ ነቢ,Idiom,0
የእውቀት ብርሀን,Literal ,1
አቢሲንያ አሚን,Literal ,1
ዳይ ወደ ሶላት,Literal ,1
አወዳደቄን አሳምርልኝ,Idiom,0
የማይታሰብ ነዉ,Literal ,1
ቂጥኛም ከውርዴ ይጫወታል,Idiom,0
በመገኘት እንዲመዘገቡ,Literal ,1
ያልታደች ወፍ አይኗ በጥቅምት ይጠፋል,Proverb,2
ነገር አንዲጠፋ ዳኛውን ግደል,Proverb,2
ትመኛላችሁ እንጂ አታገኙም,Literal ,1
ነጻ ገበያ,Literal ,1
አጉራ ዘለል,Idiom,0
አገር አቅኚ,Idiom,0
ልቡን በላው,Idiom,0
ልቡ ተሰነጠቀ,Idiom,0
የደህንነት ድጋፍ,Literal ,1
አንቺ ከዳተኛ ልጅ ሆይ,Literal ,1
ኩሽና ቤት,Literal ,1
ስመ ጥር,Idiom,0
ተጋፊ ውሀ አሻቅቦ ይፈሳል,Proverb,2
ሐሰትን ሲናገር,Literal ,1
እንጀት የሌለው,Idiom,0
አዋቂ ሰው,Literal ,1
ባለጸጋ ያደርጋል,Literal ,1
ለውጥን አይፈሩም,Literal ,1
በዋለ ቀረ,Idiom,0
ልቡ ቀዘቀዘ,Idiom,0
ለወዳጅዋ ያላት,Literal ,1
ለማወቅ ጣረች,Literal ,1
ውጥረት ውስጥ,Literal ,1
ልብ ወለድ,Idiom,0
እርር ምርር አለ,Idiom,0
በእንቅርት ላይ ጆሮ ደግፍ,Proverb,2
ተፈታተኑት,Literal ,1
መለዋወጥ ይረዳዎታል,Literal ,1
ራስ ምታት,Idiom,0
ተከታታዮች,Literal ,1
ህይወት አሁን ናት,Literal ,1
ሳለ አይሰጥ,Idiom,0
ላለፈው ክረምት ቤት አይሰራም,Proverb,2
ድንበር ተሻጋሪ ዕውቀቶች,Literal ,1
የብዙዎች ደም የፈሰሰበት,Literal ,1
መሆን አይችልም,Literal ,1
የሚል ነገር ተነገረኝ,Literal ,1
ሰው አትግፋ,Idiom,0
ዘምቶ ተወረሰ,Proverb,2
ልጅ ለናቷ ምጥ አስተማረች,Proverb,2
እንደ እንግዳ ደራሽ እንደ ውሀ ፈሳሽ,Proverb,2
ህይወት በሙሉ,Literal ,1
አቡጊዳ የተማሪ እዳ,Proverb,2
ሰላሟ የተረጋገጠ ነው,Literal ,1
በአጽዋማት ወቅት,Literal ,1
አዲስ አበባ,Literal ,1
ቂል ሲረግሙት የመረቁት ይመስለዋል,Proverb,2
አሞራ ክንፍ,Idiom,0
አትጠራጠሪ,Literal ,1
ደም ግባቱ ረገፈ,Idiom,0
ድርጊቱን በፈፀመው,Literal ,1
ቅዱስ ጊዮርጊስ ቤተ ክርስቲያን,Literal ,1
ልቡን ሰበረው,Idiom,0
ህሊና ቢስነት በሰው ዘንድ ያስጠላል,Idiom,0
ሰው መጋት ይወዳል,Idiom,0
ከመሆን,Literal ,1
ለየት ያለ,Literal ,1
ሰልፍህን አሳምር,Idiom,0
ልቡ ደረቀ,Idiom,0
ልጄን ልሰጥ,Literal ,1
እንደገና ተፈጠረ,Idiom,0
የወረወርኩት አንካሴ ተመልሶ በራሴ,Proverb,2
የሆኑባቸው ወቅቶች,Literal ,1
ነውረ ስጋ,Idiom,0
የመስቀል ወፍ,Literal ,1
መላ ቢስ,Idiom,0
ገናዥ ነበሩ,Literal ,1
ንቁ ዜጋ,Literal ,1
ተራ ነገር,Literal ,1
አገር ሲያረጅ ጃርት ያፈራል,Proverb,2
ቅቤ ሲለግም ወስፌ አይበሳውም,Proverb,2
ቀትረ ቀላል,Idiom,0
ጉድጓድ ማሰለት,Idiom,0
የሀምሌን ውሀ ጥም እናትም አታውቀውም,Proverb,2
ነገሩ አልጫ ሆነ,Idiom,0
በጠዋት ወደ ጥናት መግባት,Literal ,1
ሹምና ማር አያደር ይከብዳል,Proverb,2
ለማንሳት ፈቃድ,Literal ,1
አፍ ሌላ ልብ ሌላ,Idiom,0
ይታደሉታል እንጂ አይታገሉትም,Proverb,2
ሀረግ ለመዳፍ አልጋ ለምንጣፍ,Proverb,2
የሹመት ጣውንት,Idiom,0
ባለቤት ያቀለለውን አሞሌ ባለአዳ አይሽከመውም,Proverb,2
ከበደ አለቃዉን,Literal ,1
እንዲህ ልጠግብ በሬዬን አረድኩት,Proverb,2
ምዝበራ የፈጸመው,Literal ,1
እዡን ጨረሰ,Idiom,0
ልቡ ደጅ ደጅ ብሏል,Idiom,0
እርስ በርስ,Literal ,1
ተመልሰዉ ሲፍራሩ,Literal ,1
ሰንኮፍ አልወጣም,Idiom,0
ውጤታማ ስራ,Literal ,1
በለፈለፉ ባፍ ይጠፉ,Proverb,2
አይከሰኝም ይላሉ,Literal ,1
እንብዛም ብልሀት ያደርሳል ከሞት,Proverb,2
ግምል ሰርቆ አጎንብሶ ሄደ,Proverb,2
ለማረጋገጥ ተችሏል,Literal ,1
አለማዊ ነገር,Literal ,1
ሚዲያ,Literal ,1
ቄስና አሞራ በበላበት ይጮኻል,Proverb,2
በጽኑ ያወግዛል,Literal ,1
ሆድ ለባሰው ማጭድ አታውሰው,Proverb,2
ሸኘው,Idiom,0
አንድ ሰበር,Idiom,0
ሁኔታው አይፈቅድም,Idiom,0
ንጹሀንን እረሸነ,Literal ,1
ማስቆም የሚቻልበትን ሁኔታ,Literal ,1
የምታርቅበትም ሚዛን ይዥጎረጎራል,Literal ,1
አትዋል ይዋሉብህ አትምከር ይምከሩብህ,Proverb,2
ሊቀ መንበር,Literal ,1
አእምሮአችን ማፍቀር አይችልም,Literal ,1
ሰማዩ ከበደ,Idiom,0
አቅመቢስነት,Literal ,1
የሚያሸንፍ ቢሆን,Literal ,1
ትምህርት አስተማረ,Literal ,1
እራስን መቻል,Literal ,1
አህያውን ቢፈሩ መደላድሉን ሰበሩ,Proverb,2
የእንዝርት ቂጥ,Idiom,0
ስለ መሀመድ ነቢይነት,Literal ,1
ልቡ ወለል አለ,Idiom,0
እናንተ ቤት ያለው እሳት እኛ ጋርም አለ,Proverb,2
እግረ መንገዱን ጠየቀ,Idiom,0
ልቡ በደስታ ሰከረ,Idiom,0
እጁን ሰጠ,Idiom,0
የሚሞት ልጅ አንገቱ ረጅም ነው,Proverb,2
መደበቁ ማየት,Literal ,1
እንደ ድል,Literal ,1
ግለሰብንና ተቋምን,Literal ,1
ቅጠል የለሽ,Idiom,0
ዳኛ ረግጦ ሄደ,Idiom,0
ይሯሯጣል,Idiom,0
የሚፈልግ ያገኛል የሚተኛ ያልማል,Proverb,2
ምን ተዳዪ,Idiom,0
መቋቋም ተማር,Literal ,1
የላከ እንደ አፉ ያከከ አንደ አጁ አይሆንለትም,Proverb,2
ስናነሳህ,Idiom,0
ክሩን የበጠሰ,Idiom,0
ትውልድ ተነሥቷል,Literal ,1
አልቀበልም አልፈፅምም,Literal ,1
ወረቀትና ሞኝ የያዘውን አይለቅም,Proverb,2
እግዜር አየ,Idiom,0
ቃል አይነጥበውም,Idiom,0
ኢስላማዊ ትምህርት,Literal ,1
የሚያድግ ልጅ አይጥላህ የሚሞት ሽማግሌ አይርገምህ,Proverb,2
ቅጽበታዊ ለውጥ,Literal ,1
የአፍ ወለምታ,Idiom,0
እጣ ክፍል,Idiom,0
አለም ላይ,Literal ,1
ጠቅጥቆኝ ሄደ,Idiom,0
ለሴትና ለጉም አይዘነጉም,Proverb,2
ደፍሮ ከመጣ,Literal ,1
በውሻ ሆድ ቅቤ አያድርም,Proverb,2
ልፋ ያለው በሬ ቆዳው ለከበሮ,Proverb,2
አትተሻሽ,Idiom,0
ልቧን ጥላበታለች,Idiom,0
ገድሎኝ ሄደ,Idiom,0
በሬ ሆይ ሳሩን አይተህ ገደሉን ሳታይ,Proverb,2
ሀላፊነት የጎደለው,Literal ,1
ባዶ ቆርቆሮ ይጮሃል,Proverb,2
ፊደላት አሀዞች,Literal ,1
መስመር,Literal ,1
አስብ ያለው,Idiom,0
ቤቴን እሳት ላፈው,Idiom,0
አፉ ተያዘ,Idiom,0
ሞገስ አገኘ,Idiom,0
ሀሰተኛ በቃሉ ስደተኛ በቅሉ,Proverb,2
መሬቱ ቀና,Idiom,0
በስለት ለታቦት,Literal ,1
አነስ ሲሉት ተቆረሰ,Proverb,2
አፉን አሟሸ,Idiom,0
ገፊ ነው,Idiom,0
ውሸቱን ቀረደደው,Idiom,0
ትንሽ ሰከረ,Literal ,1
ወጥን ማን ያውቃል ቢሉ ቀላዋጭ,Proverb,2
ከአፈርኩ አይመልሰኝ,Proverb,2
ማዶ ማዶ,Idiom,0
ወረዳ አዘዘ,Literal ,1
ተስፋ አደርጋለሁ,Literal ,1
የእናት ልጅ ቢጣላ እውነት ይመስላል ለሌላ,Proverb,2
ጣና ሞገድ,Literal ,1
እግሬ አዉጭኝ,Idiom,0
ሆደ ሰፊ ነገር አሳላፊ,Proverb,2
ሴትና ድመት ወደ ሞቀበት,Proverb,2
ሰይጣን ደፋር,Idiom,0
ትልቅ ብልሀት ለትምህርት መትጋት,Proverb,2
የጭቃ ውስጥ እሾህ,Proverb,2
ቅልት አለ,Idiom,0
ርጋጭ ርጋጭ ይላል,Idiom,0
የነፍስ ዋጋ,Idiom,0
ቀብረው ሲመለሱ እግዜር ይማርዎ,Proverb,2
የበጋ ወራት,Literal ,1
የሌባ ሞኝ ከጎተራ ስር ይገኝ,Proverb,2
ጉባኤ ተካሄደ,Literal ,1
አልፎ አልፎ በሽታ ይጎበኘዋል,Idiom,0
እዉነትን ፍለጋ,Literal ,1
ይለዋወጣል,Idiom,0
የሴቶች ተሳትፎ,Literal ,1
ዘወረደ ቅድስት,Literal ,1
አይነ ስጋ,Idiom,0
ለሀጥአን የወረደ ለጻድቃን ይተርፋል,Proverb,2
ስህተት ከምንሰራ,Literal ,1
የክብር እንግዳ ሆነው,Literal ,1
አሾ ገመዳ,Idiom,0
ዛፍ ሲወድቅ ከግንዱ ሰው ሲቸገር ከዘመዱ,Proverb,2
ሆዳም ሰው እንብርት የለውም,Proverb,2
ዘመደ ብዙ ነው,Literal ,1
ሥርዓተ እምነታቸውን,Literal ,1
እንደደረሰባቸው ተገልጿል,Literal ,1
እጅ ነሳ,Idiom,0
ሀረግ ጣለ,Idiom,0
ክብሩ ይስፋ,Idiom,0
መዘርከት ያበዛል,Idiom,0
እባብን ያየ በልጥ በረየ,Proverb,2
ደማቅ ታሪካችን,Literal ,1
በትምህርት ገበታ,Literal ,1
ቂጣም,Idiom,0
ሱሪ በአንገት ማውለቅ,Idiom,0
አዲስ ልብስ,Literal ,1
ለሰሚ ግራ ነገር,Idiom,0
ማስወረድ መግደል ነው,Literal ,1
ለዚህ ሆዴ ጠላኝ ዘመዴ,Proverb,2
ባልከው ስዓት አለ,Literal ,1
ቃሉ ጎደለ,Idiom,0
በዚሁ እጋብዛለሁ,Literal ,1
ራስን  መጉዳት,Literal ,1
ተቆለለ,Idiom,0
አረገደ,Idiom,0
ጨቅጫቃ ሚስትና የሚያፈስ ቤት አንድ ናቸው,Proverb,2
ጊዜ ታክሲ አይደለም ቆሞ አይጠብቅህም,Proverb,2
እጅ ማሟሻ,Idiom,0
ወረዳ የሚንቀሳቀሱ,Literal ,1
ጎጆ ቀለሰ,Idiom,0
ቀን የሰጠው ቅል ድንጋይ ይሰብራል,Proverb,2
የቀንድ ከብት,Literal ,1
እውር እውርን ቢከተል ተያይዘው ገደል,Proverb,2
የደም ስር,Idiom,0
ቀይ ወጥ,Literal ,1
አበስኩ ገበርሁ,Idiom,0
ሁልጊዜ ሰበብ አያጣም,Literal ,1
ሽንት,Idiom,0
እሳት አመድ ወለደ እንዲሉ,Proverb,2
ከፋፍሎ ማጥናት,Literal ,1
ሰንሻይን,Literal ,1
የቸኮለች አፍስሳ ለቀመች,Proverb,2
ማብራሪያ ለመስጠት ነው,Literal ,1
የሰው አይን በላው,Idiom,0
ዝንብ ቢሰበሰብ ጋን አይከፍትም,Proverb,2
በጣት የሚቆጠር,Idiom,0
የተቀነባበሩ ምግቦች,Literal ,1
ፖሊስ,Literal ,1
በሬ ከአራጁ ይውላል,Proverb,2
ዘባራቂ ይወዳል ምራቂ,Proverb,2
ብለህ ብትገረድ,Literal ,1
ጸሎት ያለፍቅር ሀይማኖት ያለግብር ኣይረባም,Proverb,2
ዜና መጣ,Literal ,1
እርስዎ መልስ መስጠት አይችሉም,Literal ,1
ጆንያን ያቆመው እህል ነው,Proverb,2
አርጃኖ ገላ,Idiom,0
አቅምን ዐውቆ መኖርም ጥሩ ነው,Literal ,1
የሙት አልቃሹ የቁም ወራሽ,Proverb,2
ዘመድን ከዘመድ ጋር ማማት ጮማ እንደመቁረጥ ይቆጠራል,Proverb,2
እራሱን አነበበው,Idiom,0
ከንፈር ወዳጅ,Idiom,0
ለመጀመሪያ ጊዜ,Literal ,1
ቅናት ጥናት አይገኝም ከናት ካባት,Proverb,2
ከድሀ ከመበደር ከባለጸጋ መስረቅ ይቀላል,Proverb,2
አይኑ አረገዘ,Idiom,0
መቼ አጣሁት,Idiom,0
አስታመመ,Idiom,0
የህዝብ እሴቶች,Literal ,1
በትምህርት ምክንያት የሚመጣ ጭንቀት,Literal ,1
ደም ያረገዘ ጣት,Idiom,0
የምትወደዉን አታገባም,Literal ,1
ላም ባልዋለበት ኩበት ለቀማ,Proverb,2
በሽምግልና ወቅት,Literal ,1
የሙያ ዘርፍ,Literal ,1
ልጓም አጥባቂ,Idiom,0
ስልጣኑ ተያዘ,Idiom,0
በኣንድ ጣት ፊት አይታጠብም,Proverb,2
ድርጊቱ በወንጀል,Literal ,1
የደረሱ ሰዎች,Literal ,1
ዘኬውን ሲቋጥር አነቀው ነብር,Proverb,2
በአንድ አመት,Literal ,1
አባይ ምንጭ,Literal ,1
ማሳሰቢያ,Literal ,1
ውጤታማ ስራ,Literal ,1
ዛሬ,Literal ,1
ብዙ ልምድ,Literal ,1
አርቆ አጠረ,Idiom,0
አማረኛ ቋንቋ,Literal ,1
እግዚአብሔር,Literal ,1
ራስ የለውም,Idiom,0
ንዴት,Literal ,1
የውል ስምምነት,Literal ,1
ስር ነቀል,Idiom,0
አይሰጡም,Literal ,1
ልቤ አለቀ,Idiom,0
ሰለባ እየሆኑ,Literal ,1
ልቡ ተሸበረ,Idiom,0
የሴት አልጫ,Idiom,0
አንድ ከረጢት አፈር,Literal ,1
ደም ግፊት,Literal ,1
የአዕምሮ ቅኝት ነው,Literal ,1
ተስፋ,Literal ,1
መች ተመለሱ,Literal ,1
አዲስ ትውልድ,Literal ,1
ከወለድ ነጻ,Literal ,1
ገዥው በሀሳብ ላይ ሰነፈጠ,Idiom,0
አዲሱን ማዎቅህን ተደሰትበት,Literal ,1
አንጀቱ ተቆረጠ,Idiom,0
አመለ ቁርንጭ,Idiom,0
ጢም እጠላለሁ መሳምን እወዳለሁ,Proverb,2
በዉሃ ይለቅልህ,Idiom,0
ሆድ እቃ,Idiom,0
ሸርካታ,Idiom,0
ህንጻ ስር ይወጣል,Literal ,1
አናጋጅ,Idiom,0
በአሁኑ ጊዜ,Literal ,1
ሀዘንሽ ቅጥ አጣ ከቤትሽ አልወጣ,Proverb,2
አስልቶ መታው,Idiom,0
ታይቶ በሹመት ያገኙታል,Literal ,1
አልቦ መጋት,Idiom,0
ሲስተሙ,Literal ,1
አለኝ ብሎ ከማፈር የለኝም ብሎ መድፈር,Proverb,2
ዝም ብለው ያከናውኑት,Literal ,1
ጫንቃዬን ተገርፌ ጨርቄን ተገፍፌ,Proverb,2
ታጥቦ ጭቃ,Proverb,2
ነገር አዋቂ,Idiom,0
ምራቁን ዋጠ,Idiom,0
በትምህርት ዘርፍ,Literal ,1
ሴት የላከው ሞት አይፈራም,Proverb,2
ነፍስ ሆነ,Idiom,0
ማተብ የለሽ,Idiom,0
እገሌን አልቦታል,Idiom,0
አይን ካላዩበት ግንባር ነው,Proverb,2
ልትበሳጭ አስባ,Literal ,1
እርግፍ እርግፍ አለች,Idiom,0
የምላስ ወለምታ ሪፈር የለውም,Proverb,2
ማሰብ ያስፈልጋል,Literal ,1
ሚሊየን ብር ድጋፍ አደረገ,Literal ,1
እንዳጋመስነው እንጨርሰዋለን,Literal ,1
ሊቆም ይገባል,Literal ,1
እኔ ስለጠየቅኩ አይደለም,Literal ,1
ቅማል በጥፍር ቢድጧት ራስ ደህና አለች,Proverb,2
ቤት በመለስ,Idiom,0
አለም ሀላፊ መልክ ረጋፊ,Proverb,2
የኑሮ ውድነት,Literal ,1
አልዳንክም ነበረ,Literal ,1
ቅኔ ቆጠረ,Idiom,0
ምስል ቢስ,Idiom,0
ለማለት ያህል ነው,Literal ,1
ሹል አፍ,Idiom,0
ሁሉ በአጄ ሁሉ በደጄ,Proverb,2
ምስቅልቅል,Literal ,1
አባቶቻችን ሰልጥነዋል,Literal ,1
መጻሕፍትን ማንበብ,Literal ,1
ሰርግ ደገሰ,Literal ,1
አገር ረጋ,Idiom,0
አምስት አመት,Literal ,1
ሆዱ ጎሸ,Idiom,0
የደም ገንቦ,Idiom,0
አህያ ለአህያ ጥርስ አይሰበርም,Proverb,2
ክፍል ዘጠኝ,Literal ,1
ከልብ እንድትተጉ,Literal ,1
ውሀ ቢወቅጡት እንቦጭ,Proverb,2
ቃል አጠረው,Idiom,0
እግሬ አዉጭኝ,Idiom,0
በማጅራቱ አረደው,Idiom,0
እጅ ከፍንጅ,Idiom,0
ራሰ ክፍት,Idiom,0
ቁርበት መጣል,Idiom,0
ወዶ አይደለም,Literal ,1
እሾኹም ይነቀላል,Literal ,1
ላንተ የዘነበ ለኔም ያካፋል,Idiom,0
ሸጓጣ,Idiom,0
እንቅርቴ ፈረጠ,Idiom,0
እውር እንጀራ,Idiom,0
ጆሮ እዳውን አይሰማም,Proverb,2
ወድቃ ለህክምና እርዳታ,Literal ,1
ግእዝ አማረኛ,Literal ,1
ጥሩ ሃሳቦች አሉት,Literal ,1
ትምህርት ለተሻለ ነገ ያበቃል,Literal ,1
የካብ እባብ,Idiom,0
ችግር ፈጣሪ,Literal ,1
ትቅበዘበዣለሽ,Literal ,1
ለተቀማጭ ሰማይ ቅርቡ ነው,Proverb,2
ትግልህን ምረጥ,Literal ,1
የትኛውን አካል ነው,Literal ,1
ልበ ጎደሎ,Idiom,0
በምዝገባ ፕላትፎርም,Literal ,1
ስራ አስፈፃሚዎች,Literal ,1
ቆላ እና ደጋ ረገጠ,Idiom,0
ዛፎች አለቁ እና ግራሮች ዛፍ ሆኑ,Proverb,2
የሚያብረቀርቅ ሁሉ ወርቅ አይደለም,Proverb,2
የከፋ የደም መፋሰስ,Literal ,1
አንገተ ቢስ,Idiom,0
ላስ አደረገው,Idiom,0
ባይኗ ወጋችው,Idiom,0
ድፍን ቃል,Idiom,0
የሚያጋልጥ ነው,Literal ,1
የተማረና ታጥቦ የተቀመጠ ብርጭቆ ፈላጊ አያጣም,Proverb,2
ቁርሴን ለካክፌ ነው የወጣሁት,Idiom,0
ሆድ ካገር ይሰፋል,Proverb,2
ርግጡን ንገረው,Idiom,0
አሉታና ጽድቅ,Idiom,0
ሆዱ ባሰበት,Idiom,0
ባልታወቀ ሁኔታ,Literal ,1
ቅስሙ ተሰበረ,Idiom,0
ተረባረበ,Idiom,0
ትኩረት,Literal ,1
የጭን ገረድ,Idiom,0
የሚማሩ አይደሉም,Literal ,1
በአጭር ያስቀርህ,Idiom,0
እራስን መቻል,Literal ,1
ልበ ልል መሆን አያዋጣም,Idiom,0
ጥያቄና መልስ ውድድር,Literal ,1
ድብቁ ማንነት,Literal ,1
መልከ ጥፉ,Idiom,0
የአገር ሽማግሌዎች,Literal ,1
ሳር እግር,Idiom,0
እድሜና ጨርቅ በደህና አያልቅ,Proverb,2
ልጅን ሲወዱ እስከነ ጉዱ,Proverb,2
ሌሎችም ተቋማት,Literal ,1
ቀለበት ለቆማጣ ሚዶ ለመላጣ,Proverb,2
ሌባ ሚዛን,Idiom,0
ጨለማ ፊት,Idiom,0
እየገለጹ ይገኛሉ,Literal ,1
ሀይ ሀይ አለ,Idiom,0
በተጠቀሰው,Literal ,1
አላየናት እንዲያው ገበያ ናት,Proverb,2
አባይን ያላየ ምንጭ ያመሰግናል,Proverb,2
ሀምሌ ቢያባራ በጋ ይመስላል,Proverb,2
አያገባት ገብታ አያወዛት ተቀብታ,Proverb,2
አፉን አሟሸ,Idiom,0
ፖስታ ቤት,Literal ,1
የማርያም ግርዝ,Idiom,0
ያልታደለ ከንፈር ሳይሳም ያረጃል,Proverb,2
ሸናበት,Idiom,0
ተስማምቷል,Literal ,1
ደማቅ,Literal ,1
ሰርቶ አፍራሽ,Idiom,0
ኑሮ ከማናደድ ሄዶ መናፈቅ,Proverb,2
እሾህ አይውጋህ,Idiom,0
ቃል አጋኖ,Literal ,1
አንበሳ ሲያረጅ የዝንብ መጫወቻ ይሆናል,Proverb,2
አለመኛ ሆነ,Idiom,0
በነገር ረጨኝ,Idiom,0
መሸቀጥ አሁን ላይ የለም,Literal ,1
ዝንጀሮ የመቀመጫዬ ይቅደምልኝ አለች,Proverb,2
ጽድቅ ለመንኳሽ ቀኝ ለከሳሽ,Proverb,2
በመምህርነት አገልግለዋል,Literal ,1
በሬው ላሟን አጠቃት,Idiom,0
ስለዚህ የሚያደርጉት አጡ,Literal ,1
መልካም ምኞት,Literal ,1
አልቻለም,Literal ,1
እየታገለ ተነስቶ,Literal ,1
ሰማእቱ ቅዱስ ጊዮርጊስ,Literal ,1
አስተያየት ልሰጥ ተገደድኩ,Literal ,1
ሰው ሰራሽ,Literal ,1
ነገር ወዳጅ ሰው ከመንገድ ዳር ቅበሩኝ ይላል,Proverb,2
መሰናዘሪያ ቦታ,Idiom,0
ሰዶ ማሳድድ ካማረህ ዶሮህን በቆቅ ለውጥ,Proverb,2
እንዳልሆነ ሆነ,Idiom,0
መልስ እፈልጋለሁ,Literal ,1
ሳይበላ ተነሳ,Literal ,1
አዉራ ሰው,Idiom,0
ሌባ ዝናብ,Idiom,0
ባለጌ የጠገበ አለት ይርበው አይመስለውም,Proverb,2
ሀይ በል አለ,Idiom,0
ቀን አይቶ ከዳው,Idiom,0
መልካም ሴት ለባሏ ዘውድ ናት,Proverb,2
ጓሮ ዞሯል,Idiom,0
ውሻ በበላበት ይጮሀል,Proverb,2
ስራ ከምፈታ ልጄን ላፋታ,Proverb,2
መረጃ ያመለክታል,Literal ,1
ልጅ ለእናቷ ምጥ አስተማረች,Proverb,2
ባጎረስኩ እጄን ተነከስኩ,Proverb,2
ማረፊያ የለውም,Idiom,0
ሸርሙጣን የወደደ ልብሱን ጥሎ ያበደ,Proverb,2
ሆዱን ጣለ,Idiom,0
ሮም በአንድ ቀን አልተገነባችም,Proverb,2
ዘር ቆርጥም,Idiom,0
ድንቅ ትረካ,Literal ,1
አርሟን ጠምቃ ፈጀችው ጠልቃ,Proverb,2
እሾህ ለረጋጩ ነገር ላምጪው,Proverb,2
ክፉ ስልጣኔ,Idiom,0
ምንጭሩ ድብን አለ,Idiom,0
ነገር አበረደ,Literal ,1
ዐማራስ ምን እያሰበ ይሆን,Literal ,1
በፍጹም እንዳትከፍቱ,Literal ,1
ቋንቋ ለቋንቋ,Idiom,0
ንጽጽርማ መቆም የለበትም,Literal ,1
በከፍተኛ ደረጃ,Literal ,1
ንብ ባውራው ገበሬ ባዝመራው,Proverb,2
አማካሪ መምህር,Literal ,1
አለቃ ለራሱ አይበቃ,Proverb,2
ሁለት አይወዱም ከመነኮሱ አይወልዱም,Proverb,2
ሰይጣናም,Idiom,0
ሱሪ ቢጣልባት የምታረግዝ,Idiom,0
መጣፍ አዋቂ,Idiom,0
ስጥ አፍ,Idiom,0
የጋራ እሴት,Literal ,1
ምላስክን ሰብስብ,Idiom,0
አፉን ከፍቶ,Literal ,1
እናቴን ያገባ ሁሉም አባቴ ነው,Proverb,2
ተረባርበን,Literal ,1
የአንድ ወገን ናቸው,Literal ,1
እከክልኝ ልከክልህ,Proverb,2
ዉሃ ሆነ,Idiom,0
ኢትዮጵያ ክልል,Literal ,1
ያድማዉ መሪዎች,Literal ,1
እጅ ነሳ,Idiom,0
ወደሚል,Literal ,1
የበላበትን ወጭት ደፊ,Idiom,0
የስኬት ደረጃ,Literal ,1
እንጀራ ያረረበት,Idiom,0
የስሜት መነቃቃት,Literal ,1
ታዋቂና የተከበረ መሆን,Literal ,1
ሰይጣን አትሁንብኝ,Idiom,0
እያለፍን ነው,Literal ,1
ስሜት,Literal ,1
ሙቀጫ እግር,Idiom,0
አደረጋት,Idiom,0
አህያ እጅብ ለቅሶ ሄደች,Proverb,2
የእጁን አገኘ,Idiom,0
አልጋው ሲገኝ ባሉ አይገኝ,Proverb,2
ኢትዮጵያን ይባርክልን,Literal ,1
አሳት አየው,Idiom,0
አመልና ጅራት ከወደኋላ ነው,Proverb,2
እንቅልፍ ነቃ,Literal ,1
አመልህ በጉያ ስንቅህ በአህያ,Proverb,2
በለፈለፉ በአፍ ይጠፋ,Proverb,2
ቁጥቋጦም ሲያድግ ዛፍ ይሆናል,Proverb,2
አጠናክሮ በማቅረብ,Literal ,1
የርግቦችን ባህሪ,Literal ,1
መግለጽ ይወዳል,Literal ,1
ልብስህን ሰብስብ,Idiom,0
የሞተ እንጀራ,Idiom,0
ለረዥም ጊዜ,Literal ,1
ሴት ከጠላች በቅሎ ከበላች አመል አወጣች,Proverb,2
ሙሉ አካል,Idiom,0
በውድም በግድም,Proverb,2
ዳታቤዝ ትምህርት,Literal ,1
የእናት ሞትና የድንጋይ መቀመጫ እያደር ይቆረቁራል,Proverb,2
አመሉ ገደለኝ,Idiom,0
ነገሩን አመዛዘነ,Idiom,0
ዘላለም ከመፍሳት አንዴ መቅዘን,Proverb,2
አህያ ሲጠግብ ከጅብ ይጫወታል,Proverb,2
ልብ አቁስል,Idiom,0
በጸጥታ ችግር ምክንያት,Literal ,1
ሀጢያት በንስሀ በደል በካሳ,Proverb,2
ቀድሞ ማን ቢስምሽ ታሞጠሙጫለሽ,Proverb,2
ቀነኒ አዱኛ,Literal ,1
ዱላ መዘዘ,Idiom,0
የቴክኒክና የታክቲክ መረጃዎችን,Literal ,1
እንኩዋንስ እንዲህ,Literal ,1
አንጀት የለውም,Idiom,0
ጌጣ ጌጥ,Literal ,1
አንድ ግንድ ለሺህ አይከብድም,Proverb,2
በራስ መተማመን,Literal ,1
ብቅል ረገጠ,Idiom,0
የሃይማኖት ተቋም የማይወክል,Literal ,1
የዱር ክብር,Idiom,0
አበሻ አይቀድም ወይ አያስቀድም,Proverb,2
ሁለቴ ሰላምታ አንዱ ለነገር ነው,Proverb,2
አስታመመ,Idiom,0
አህያ የማትችለው ዝናብ,Idiom,0
ሲበሉ አድርሰኝ ሲጣሉ መልሰኝ,Proverb,2
አሳበ ቢስ,Idiom,0
ማልዶ ማልዶ,Idiom,0
ከአመታት በፊት,Literal ,1
አፍ ያለው ጤፍ ይቆላል,Idiom,0
ተፈጥሮ ሞት ተሾሞ ሽረት,Proverb,2
ቅጥየለሽ,Idiom,0
አማራጭ,Literal ,1
ግንባረ ደረቅ,Idiom,0
ቀነ ቀጠሮ,Idiom,0
እንዲደርሱ ማድረግ ነው,Literal ,1
አመለ ወላንዳ,Idiom,0
ለአህያ ማር አይጥማትም,Idiom,0
አሁን ኳሱ በእጃቸው ውስጥ ነው,Literal ,1
ኤርፓርት ደርሰዋል,Literal ,1
ስድ አደግ,Literal ,1
ሲሉ ጠይቀዋል,Literal ,1
ሌባ አናት ልጇን አታምንም,Proverb,2
እሴቶችን ከመምረጥ ነው,Literal ,1
ጭምት ያበደ እንደሆን የጤፍ ቆረን ደኑ,Proverb,2
መከራ ተቀበለ,Idiom,0
ቁም አፍ,Idiom,0
እንደ አይን ፈሪ እንደ እግር ደፋር የለም,Proverb,2
አመንዝራ ካሏት ብትቆርብም አያምኗት,Proverb,2
ልበ ቅን,Idiom,0
የቡና ሙቀጫ,Literal ,1
ሃገር በቀል ዕውቀት,Literal ,1
በሽታውን የደበቀ መድሀኒት አይገኝለትም,Proverb,2
አርበ ወጥ,Idiom,0
አምባጓሮ,Idiom,0
በመላ ሄዶ በመላ ተመለሰ,Idiom,0
ስራ ያጣ መነኩሴ ቆቡን ቀዶ ይሰፋል,Proverb,2
ቆርፋዳ ሻንጣ,Literal ,1
ሲያዩት ያላማረ ሲበሉት ያቅራል,Proverb,2
ከፍቼ አይቻለሁ,Literal ,1
ማሽላ ሲያር ይስቃል,Proverb,2
ልበ ደንዳና,Idiom,0
ፈጣሪ አይደለም,Literal ,1
አንጀቴን አለበኝ,Idiom,0
ቁም ነገር ይዞ ተረት ቂም ይዞ ጸሎት,Proverb,2
የተለየህ አይደለህም,Literal ,1
አነጋገሩ ቀለለ,Idiom,0
የጫረው እሳት ፈጀው,Idiom,0
ረዳኤታም ሴት,Idiom,0
የትውልድ ዘመነ,Literal ,1
ጓደኝነት ጀመሩ,Literal ,1
እንባ በእንባ ተራጨ,Idiom,0
አሁን ብዙ ልታዉቅ ነው,Literal ,1
ቋሚ እረፍትና አካላዊ እንቅስቃሴ,Literal ,1
የሚቀጥሯት ሰዎች,Literal ,1
ውስጠ ወይራ,Idiom,0
ሰብሉን ጸሀይ አበላሸው,Idiom,0
ህመም,Literal ,1
መውሰድ,Literal ,1
ይሸበሩ ጀመር,Literal ,1
ወንድኛ አዳሪ ነው,Literal ,1
ወንዳገረድ,Idiom,0
ይመለከታቸዋል,Literal ,1
አንተ ያለፍህበት,Literal ,1
ሰክናችሁ ማሰብ እና ማዳመጥ,Literal ,1
ሁለታችሁም ተሳስታችኋል,Literal ,1
ረገፈ,Idiom,0
በዛብህ ተሰናበተ,Literal ,1
ፎቶ ኮፒ,Literal ,1
ጃርት ያስደነገጠው ዱባ ይመስላል,Proverb,2
የአንበሳ መደብ,Idiom,0
ወደሽ ከተደፋሽ ቢረግጡሽ አይክፋሽ,Proverb,2
ይህን መሠል,Literal ,1
ልቡ ከዳው,Idiom,0
ከሁለት ያጣ ጎመን,Proverb,2
የቤት ሰራተኛ,Literal ,1
ፊት የወጣን ጆሮ ኋላ የበቀለ ቀንድ በለጠው,Proverb,2
ባለሙያዎች,Literal ,1
ንብረት ሳናፈራ,Literal ,1
ከሳምንታት በፊት,Literal ,1
አባ ሙላት,Idiom,0
እልም ድርግም አለ,Idiom,0
በተቃራኒ መሆናቸው አሳዛኝ ነው,Literal ,1
ትምህርት ክፍል,Literal ,1
የሴት አገር ባልዋ,Proverb,2
ፊቱን ቋጠረ,Idiom,0
ማሳሰቢያ,Literal ,1
አሉታዊ ተፅህኖ,Literal ,1
በዱላ አላሸቀው,Idiom,0
አቦ አቦ አለ,Idiom,0
ስራ ፈታ,Idiom,0
አካላቴ,Idiom,0
ፈረሰኛ ሲሮጥ እግረኛን ምን አቆመው,Proverb,2
ልብ የማይገባ,Idiom,0
ሰው ሆነ,Idiom,0
ለአገሩ እንግዳ ለሰው ባዳ,Proverb,2
ፈጽሞ አይገባም,Literal ,1
ማንኛውም,Literal ,1
ተመክሮ ልብ ተሽምቶ ድልብ አይሆንም,Proverb,2
አጽመ ርስት,Idiom,0
ለሂያጅ የለውም ወዳጅ,Proverb,2
አለሁ አለሁ ባይ,Idiom,0
ይህን ሕዝብ,Literal ,1
ግጥም አለ,Idiom,0
ዛሬ ምሽት ይገባሉ,Literal ,1
ላጤ መላጤ,Idiom,0
እንጀራ ፈላጊ,Idiom,0
ጭዳ አለ,Idiom,0
መጽሐፍ ቅዱስ ትንተና,Literal ,1
ሰርግ እና ምላሽ,Idiom,0
ሩቅ አሳቢ ቅርብ አዳሪ,Proverb,2
ራሰ ዘናና,Idiom,0
እስክስ አለብኝ,Idiom,0
አህያውን ፈርቶ ዳውላውን,Proverb,2
ዉቃቢ ራቀው,Idiom,0
አገልግሎት,Literal ,1
ምርግ,Idiom,0
የቤተክርስትያን ሊቃውንት,Literal ,1
ክልስ,Idiom,0
ሞሰበ ወርቅ,Literal ,1
ለመፍታት ከአቅም በላይ አይደለም,Literal ,1
ጭእዋታ ለአዋቂ ወሬ ለጠያቂ,Proverb,2
እስቲ ልውስ ትልና,Idiom,0
አልጋው ፈረሰ,Idiom,0
ጠፍር ነካሽ,Idiom,0
ያስጠቀው ሆደ ሰፊነቱ ነው,Idiom,0
እንካ በእንካ,Idiom,0
ላክ አደረገ,Idiom,0
ይርዳን,Literal ,1
ለፍቅር ብተኛት ለጠብ አረገዘች,Proverb,2
ኮትኩተው ያሳደጉት ልጅ,Idiom,0
ሰው በዋለበት ውሀ በወረደበት,Proverb,2
ጫናዎች,Literal ,1
በርካታ ግለሰቦች,Literal ,1
ቤቱ ተረጋጋ,Idiom,0
እርጥብ አማኝ,Idiom,0
የተሻለ ቦታ,Literal ,1
ጎሰሳችን ከሽፎ እንጂ,Literal ,1
ሱሪ ቢጥሉባት ትወልዳለች,Idiom,0
ህይወቷ አልፏል,Idiom,0
መንፈሳዊ ከፍታ,Literal ,1
አንጀተ ደንዳና,Idiom,0
ባለአጥንት,Idiom,0
አዲስ,Literal ,1
ሆድ ይፍጀው አለ,Idiom,0
አታቃጥር,Idiom,0
ዉሃ ሙላት,Literal ,1
ማየት ይችላሉ,Literal ,1
የሰማይ ቁጣ,Idiom,0
ትምህርት ይወዳል,Literal ,1
መጨነቅ,Literal ,1
እንደሚሰራ,Literal ,1
ልጅ ቢሮጥ አባቱን አይቀድምም,Proverb,2
የዘር ፍሬ,Literal ,1
ገዳም ገባ,Idiom,0
እግዜር በመለኮቱ ጎልማሳ በሚስቱ,Proverb,2
በዘልማድ,Idiom,0
አንዱ ቃየን ነው,Literal ,1
ሆዱ ሻከረ,Idiom,0
ቁስሉ መጠጠ,Idiom,0
መተው ነገሬን ከተተው,Proverb,2
አሁን ያለህበት ቦታ,Literal ,1
ከፍተኛ እንቅስቃሴ,Literal ,1
ሴት ለቤት ወፍጮ ለዱቄት,Proverb,2
አይኔን ገለጥሁ,Idiom,0
የሚጠበቀው,Literal ,1
የወላድ መካን,Idiom,0
እባብ የልቡን አይቶ እግር ነሳው,Proverb,2
ቀለል ያለ,Idiom,0
ሰወችን የሚለውጥ ስራ ነው,Literal ,1
ማንነት ሳያግደዉ ወደዳት,Literal ,1
ልቡን ሸነጠው,Idiom,0
በመሰላሉ ግርጌ ላይ መቆየት,Literal ,1
የሃይማኖት ተቋማት,Literal ,1
ኩላሊት ያጨሰውን ልብ ያመላለሰውን የሚያውቅ የለም,Proverb,2
ታቦቱን ሰረቁ,Literal ,1
የተፈጥሮ ሀብት,Literal ,1
ዋስ በራሴ አለ,Idiom,0
መማርያ ክፍል,Literal ,1
ይመስል ነበር,Literal ,1
ፈራጅ አይደለንም,Literal ,1
አይመስሉ መስሎ,Idiom,0
ቀበሌ ነዋሪዎች,Literal ,1
ልበ ብር,Idiom,0
ሆዴን ጋጠኝ,Idiom,0
ኑሮ በዘዴ,Literal ,1
ለገና ጨዋታ አይቆጡም ጌታ,Proverb,2
ቂጡን ጣለ,Idiom,0
የሚያልፍ ቀን የማያልፍ ስም ያወርሳል,Proverb,2
ከቀኑ በዘጠኝ ሰዓት የፈጸማል,Literal ,1
የሚኮሰኩስ ባህርይ አለው,Idiom,0
አልተሸነፍኩም,Literal ,1
ላም አለኝ በሰማይ ወተቷንም አላይ,Proverb,2
ሴትና በቅሎ እንደገሪዋ ነው,Proverb,2
አነባብሮ,Idiom,0
ፍረድ ለነፍስህ ብላ ለከርስህ,Proverb,2
አዛኝ ቅቤ አንጓች,Proverb,2
ለቀባሪው ማርዳት,Proverb,2
በአጭር ቀጨ,Idiom,0
ምላሽ ሲሠጡ,Literal ,1
ዘር ይውጣልህ,Idiom,0
አለመበላትን ተምሬአለሁ,Literal ,1
ንጹህ አይደለችም,Idiom,0
ጥቂት ደጋፊዎች,Literal ,1
ውሀ አያንቅ ነገር አያልቅ,Proverb,2
ጆሮ የሰማውን ልብ ያውቀዋል,Proverb,2
መከተ,Idiom,0
መከራ መቀጠሉ ያሳዝነኛል,Literal ,1
አሻራ ቢስ,Idiom,0
የህወሃት አፈቀላጤ,Literal ,1
ባህላዊ ጫወታ,Literal ,1
ስጋ ያዘኝ,Idiom,0
ስር ተቆጣ,Idiom,0
እየተደገመ ይገኛል,Literal ,1
በባዳ ቢያኮርፉ በጨለማ ቢያፈጡ ምን ሊያመጡ,Proverb,2
ጉባኤያችን እያስገነዘበ,Literal ,1
ክፍል ሰባት,Literal ,1
አሞራ ክንፍ,Idiom,0
ሰብቷል,Idiom,0
ማየት ማመን ነው,Proverb,2
ቃሉን ሰጠ,Idiom,0
እንደ መረብ ሸፍኖ እንደ እንቁላል ደፍኖ,Proverb,2
እጁን ያዝ አድርጎታል,Idiom,0
የጭን ገረድ,Idiom,0
የተገኘውን ሰላም,Literal ,1
ሆዱን ቆረጠው,Idiom,0
ትንሽ ልጅ,Literal ,1
ለጊዜዉ ተቆጡ,Literal ,1
የሚሮጡበት ሜዳ የሚወጡበት ቀዳዳ,Proverb,2
ባህታዊ አንደናፈቀ ይሞታል,Proverb,2
ትጠበቅ ነበረ,Literal ,1
አለብላቢት ምላስ,Idiom,0
ምኒልክ ኢትዮጵያ,Literal ,1
ጎጆ ወጣ,Idiom,0
አንድምታ,Idiom,0
ያልተወኝ እግዚአብሄር,Literal ,1
ቅቤ ጠባሽ,Idiom,0
ሳይሆን,Idiom,0
የአይን ቆብ,Literal ,1
ነገርህን በጠጄ ርስትህን በልጄ,Proverb,2
ባልና ሚስት ከአንድ ባህር ይቀዳሉ,Proverb,2
ሱሪዬ በራሴ ወልቋል,Idiom,0
ነጻ መንገድ,Literal ,1
የቆንጆ መራራ,Idiom,0
ህግ ገባ,Idiom,0
ወይን እየተጎነጨን,Literal ,1
ሞኝ ውሀ ሲወስደው ይስቃል,Proverb,2
በሰው ምድር ልጇን ትድር,Proverb,2
ሀ ሳይሉ ጥፈት ውል ሳይዙ ሙግት,Proverb,2
የተቋቋመ,Literal ,1
የወንድ ልጅ ሞት ያደረገውን የዘነጋለት,Proverb,2
ወጣቶች የተረሸኑበት,Literal ,1
ግንኙነትህን ታበላሻለህ,Literal ,1
አይጥ ወልዳ ወልዳ ጅራቷ ሲቀር ሲጥ,Proverb,2
እንደጀመረ,Literal ,1
የደረሰዉ ሰቆቃ,Literal ,1
የመታደስ ሀሳብ,Literal ,1
ቆይታ ያዘ,Idiom,0
ህፃኑ ጌታቸው መማር አልቻለም,Literal ,1
ቆሽት አንድድ,Idiom,0
ነገር ለኮሰ,Idiom,0
የማያድግ ልጅ ታዝሎ ያፏጫል,Proverb,2
በጣም አስቸጋሪ ነው,Literal ,1
ወረቱ አለቀ,Idiom,0
የሚወገዙ ተግባራት,Literal ,1
ንጉስ ሁን,Literal ,1
ጣና ሀይቅ ባህርዳር  ይገኛል,Literal ,1
ልጉም አፍ,Idiom,0
የላም ልጅ,Idiom,0
የበላይነት ስሜት,Literal ,1
በጀት መቸጋገር አልነበረበትም,Literal ,1
ሳትወልድ ብላ,Proverb,2
ውሀና ጠጅ እኩል ይጠጣሉ,Proverb,2
የእጅ ጥራጊ,Idiom,0
ከመፍጠሩ በተጨማሪም,Literal ,1
ስግብግበነት,Literal ,1
መከራ አሳየ,Idiom,0
የወደዱትን ሲያጡ የጠሉትን ይቀላውጡ,Proverb,2
ነፍሰ ጡር,Idiom,0
ቀን ወጣ,Idiom,0
እየስራ እንደሆነ,Literal ,1
ተልባ በጥባጭ ሳለች ጎመን ቀንጣሹዋን ምች መታት,Proverb,2
በጥርስ ሸኘው,Idiom,0
ሰርገኛ መጣ በርበሬ ቀንጥሱ,Idiom,0
የዉብ ዳር,Literal ,1
ለጥምቀት ያልሆነ ቀሚስ ይበጣጠስ,Proverb,2
ነገር ሸረበ,Idiom,0
ጥፋት ማየት አልፈልግም,Literal ,1
አሟልቶ ሰጠዉ,Literal ,1
ትንሳኤ በአል,Literal ,1
የቤተ ክርስቲያን በር ተዛጋ,Idiom,0
አፉን አዳጠው,Idiom,0
ግምታዊ ሀሳብ,Literal ,1
ምርጫ ብቻ,Literal ,1
አይነ ደረቅ,Idiom,0
ወንዝ ማዶ,Literal ,1
የሚላስ የሚቀመስ,Idiom,0
ሲሮጡ የታጠቁት ሲሮጡ ይፈታል,Proverb,2
ፉት ቢሉት ጭልጥ,Idiom,0
አንገቱን ነቀነቀ,Idiom,0
ሆስፒታል ደርሰው,Literal ,1
አታረግርግብኝ,Idiom,0
የእልፍኝ አሽከር,Idiom,0
ከንፈሯን ሳመው,Literal ,1
በአጎረስኩኝ እጄን ተነከስኩኝ,Proverb,2
አጉራህ ጠናኝ,Idiom,0
የተፈፀሙትና የሚፈፀሙት,Literal ,1
ይገርማል አህያ ከጅብ ይከርማል,Proverb,2
እቅድዎን በየግዜው ያሻሽሉ,Literal ,1
በፈተናው ወቅት,Literal ,1
አሳት አፍ,Idiom,0
አርሶ አደሮች,Literal ,1
የማይዘልቅ ማህበር በጠጅ ይጀመራል,Proverb,2
የምትበላው እህል ከማታየው መሬት ይበቅላል,Proverb,2
ሊያዘገያችሁ ይፈልጋል,Literal ,1
ሳይቃተል በቅጠል,Proverb,2
ከስጋ ብስና ጎመን በጤና,Idiom,0
ሀሰት ቢናገሩ ውቃቢ ይርቃል,Proverb,2
ውሀ የጥቅምት ነበርሽ ታዲያ ማን ይጠጣሽ,Proverb,2
የፖለቲካ እሳቤዎች,Literal ,1
ሀላፊነት የጎደለው,Literal ,1
ዘመድ ሲጣላ ያረክሳል,Proverb,2
አጥብቀን ስላፈቀርን,Literal ,1
አሳ ጎርጓሪ ዘንዶ ያወጣል,Proverb,2
የተፈፀመው ነውር,Literal ,1
ፀጉራም ዉሻ አለ ሲሉት ይሞታል,Proverb,2
የሩቅ ዘመድ,Idiom,0
በሰጡት መግለጫ,Literal ,1
ህጻን ልጅ,Literal ,1
እቅድ ያለው ጓደኛ ይኑርዎ,Literal ,1
ስር ጠምዛዥ,Idiom,0
ሆዱ ቆረጠ,Idiom,0
የመጠበቅ ዕጣ ፈንታ,Literal ,1
አዘጋጅተው አይደለም,Literal ,1
ቁቅም ከፈስ ተቆጠረች,Proverb,2
ሆዱን ቆለፈ,Idiom,0
የማርያም መቀነት,Idiom,0
ዘመድኩን ምን አለ,Literal ,1
ደም እንዳይፈስ,Literal ,1
አመልህን ሰብስብ,Idiom,0
አገሩ ሩቅ ስንቁ ደረቅ,Proverb,2
የወጋ ቢረሳ የተወጋ አይረሳም,Proverb,2
አየር ጤና,Literal ,1
የሰው እንጂ የቃል ውሸት የለም,Proverb,2
ሆደ ቡቡ,Idiom,0
አለንጋ ለፈረስ ጅራፍ ለሰነፍ,Proverb,2
እውቀታችንንም ያካትታል,Literal ,1
ልጆች ግን አሏቸው,Literal ,1
እንኳን አደረሳችሁ,Literal ,1
እንኩዋን እንደሱ,Literal ,1
የወርቅ ሜዳልያ,Literal ,1
ነፍስ አውል,Idiom,0
እናት አንጀት,Idiom,0
ጉዞ ሄደ,Literal ,1
ቁመና ቢስ,Idiom,0
ቆይቼ እቀጥላለሁ,Literal ,1
የት ይገኛል,Literal ,1
ዓለም ዓቀፍ የግቢ ጉባኤ ምሩቃን,Literal ,1
በበዛብህ ጎጆ,Literal ,1
ከመፅሀፍት አለም,Literal ,1
የተሳሳተ መረጃ,Literal ,1
ሂደህ ፈልግ,Literal ,1
ከዘመድ አጠገብ የተዳረች ልጅ ትዳር አትይዝም,Proverb,2
በገባን መጠን እንተርጉመው,Literal ,1
እጅግ አድርገን እናመሰግናለን,Literal ,1
ጸረ ሙስና,Literal ,1
የሚተላለፈዉን መልእክት,Literal ,1
ለጋ ቅቤ,Idiom,0
ተስማምተው መኖር ቀላል አይደለም,Literal ,1
አህል በእህል,Idiom,0
ቃል ኪዳን ተጋባ,Idiom,0
ተስፋ አደርጋለው ብለዋል,Literal ,1
ተወገብ በላይ ታቦት ከወገብ በታች ጣኦት,Proverb,2
አሻሮ ቃሚ,Idiom,0
ጉልበቱ ተረታ,Idiom,0
ውሀ ቢወቅጡት መልሶ እንቦጭ ነው,Proverb,2
የልብስ ቅድ,Idiom,0
አፈ ከባድ,Idiom,0
የሴት መዶለቻ,Idiom,0
ሳያጣሩ ወሬ ሳይገሉ ጎፈሬ,Proverb,2
የሚያጠግብ እንጀራ ከምጣዱ ያስታውቃል,Proverb,2
መረጋጋት አቁም,Literal ,1
ሌባ ሚዛን,Idiom,0
የሆድ,Idiom,0
ጥሩ ሽያጭ,Literal ,1
ስራ አጥ,Literal ,1
የጋን መብራት,Idiom,0
የኔ አድባር,Idiom,0
ስርአተ መንግስት,Literal ,1
ጭራው አይያዝም,Idiom,0
ሀገር ዉስጥ,Literal ,1
አነሳሽ,Idiom,0
ማርም አልልስ,Idiom,0
ግልባጭ,Literal ,1
የወደቀ ግንድ ምሳር ይበዛበታል,Proverb,2
አይነ ቀላዋጭ,Idiom,0
የዕድሜ ባለፀጎች,Literal ,1
ልቡ ታወከ,Idiom,0
የውጭ ጉዳይ ዋና ፀሀፊ,Literal ,1
እጀ ደረቅ,Idiom,0
የራስ ማስታወሻ,Literal ,1
የትየለሌ ነው,Literal ,1
የክፉ ሰው ተዝካር ውሀ ያስወስዳል በህዳር,Proverb,2
ገበሬዉ አረሰ,Literal ,1
ነበር ባይ,Idiom,0
መስታወት,Literal ,1
ሺህ ቢታለብ ያው በገሌ አለች ድመት,Proverb,2
ቸበቸበው,Idiom,0
የክርስትናን አስተምህሮ,Literal ,1
አለቃ ያውቃል ድሀ ይጠይቃል,Proverb,2
ብዙ ስልጠናዎች ወስጃለሁ,Literal ,1
የቀለም ሰው,Idiom,0
ቆብ ጫነ,Idiom,0
ግንዘቤን ለፈኝ,Idiom,0
ባለጌ ባለሟል ልብስ ገልቤ ልይ ይላል,Proverb,2
ሱቅ በደረቴ,Idiom,0
ለሰው ቢነግሩት ለሰው,Proverb,2
ኢትዮጵያ አስታውቋል,Literal ,1
አይዞን በርቱልን,Literal ,1
ጠበል ሄደው ነበር,Literal ,1
ከባድ በመሆኑ,Literal ,1
ቸር ተመኝ,Literal ,1
ሁሉ ቢናገር ማን ይሰማል,Proverb,2
አይነ ውሃ,Idiom,0
አሳ ጎርጓሪ ዘንዶ ያወጣል,Proverb,2
ጡጫ ሆድ,Idiom,0
እግረ ሰላቢ,Idiom,0
እናት ሆደ ቡቡ ናት,Idiom,0
የሶቅራጥስ ሞት,Literal ,1
ለጥቅምት ያልሆነ ቀሚስ ይበጣጠስ,Proverb,2
የሰይጣን መልእክተኛ,Idiom,0
ነገሬ በከንፈሬ,Proverb,2
የሰው ነጭ,Idiom,0
አንተን ያመነ ጉም የዘገነ,Proverb,2
አጽዋማቱ ሲፈሰኩ,Literal ,1
ብታደራልኝ አማግሁልህ,Literal ,1
የልምምድ ልውውጥ ተደርጓል,Literal ,1
በሰው መገፋት ያለ ነው,Literal ,1
እግር ሳመ,Idiom,0
እጦት ነው,Literal ,1
ግዴታ ጨርሰው,Literal ,1
ቤተ ዘመድ,Literal ,1
ትንሽ ቆሎ ይዞ ካሻሮ ጠጋ,Proverb,2
መልካም ጊዜ,Literal ,1
ቀን ከህዝብ ሌት ከጅብ,Proverb,2
እምነት የሚጣልበት,Proverb,2
የዳኛ ራት,Idiom,0
የሚስጠይቅ ስለመሆኑም,Literal ,1
ጣመኝ ድገመኝ,Idiom,0
ከባልሽ ጋር ሁኚ ቢሏት የተለመነች መሰላት,Proverb,2
አልቀራቸዉም ነበር,Literal ,1
ጅራቱን ይቆላል,Idiom,0
ቄስ ካፈረሰ ዲያቆን ከረከስ,Proverb,2
ውይይት ላይ,Literal ,1
ሚስቱን ለቀቀ,Idiom,0
አህያ ሲጭኑ ሶስት ሆኖ መንገድ ሲሄዱ ሁለት ሆኖ,Proverb,2
አስተያየት ለመቀብል,Literal ,1
እግዜርን ሳይጨምር የቆጠረ ሁልጊዜ ሲቆጥር ይኖራል,Proverb,2
ስለማይጠቅመን ነው,Literal ,1
ከገቡ በኋላ በልጆቻቸው ይጽናናሉ,Literal ,1
ርጋ,Idiom,0
አንቺ ሕልሜ እንዳልሆንሽ,Literal ,1
ምን ቆርጦት,Idiom,0
ተግባር መሆኑን,Literal ,1
የምን እዬዬ ነው,Literal ,1
እድል ፈንታ,Idiom,0
በመዘጋጀት ላይ ይገኛል,Literal ,1
የዘመድ ጥል,Idiom,0
ተንኮለኛ ናቸው አርቃችሁ ቅበሩዋቸው,Proverb,2
ለመናት,Idiom,0
አንዲት ቀን,Literal ,1
ያለ መከራ አይገኝም እንጀራ,Proverb,2
ነጭ እሾህ,Idiom,0
ወላጆች,Literal ,1
የርጎ ዝምብ,Idiom,0
እየተሸጠ ያለው አፈር,Literal ,1
መለስ ቀለስ,Idiom,0
ቀንህን አስረክበህ ትውላለህ,Literal ,1
ስር ሰደደ,Idiom,0
ቪድዮውን እያየሁ ነበር,Literal ,1
ቅንድብ መሸለለ,Idiom,0
እሳት መታው,Idiom,0
እያጫወትኳት ታንቀላፋለች,Proverb,2
የባህር እራት,Idiom,0
ሰመር ገጠመ,Idiom,0
እግረ ጭራሮ,Idiom,0
ሁለት ቀናት,Literal ,1
ርእሰ አንቀጽ,Literal ,1
አካል ብቃት,Literal ,1
ራሱን ሳተ,Idiom,0
ወልዶ አይስም ዘርቶ አይቅም,Proverb,2
እንዳልጣላህ ካንተ አለመሻሌ አሸማቀቀኝ,Literal ,1
ሚካኤል ይጠብቃችሁ,Literal ,1
ከማንም ጋር እንዳታወዳድር,Literal ,1
ጽድቁ ቀርቶብኝ በውሉ በኮነነኝ,Proverb,2
እኔን ብቻ,Literal ,1
ቆመብኝ,Idiom,0
በሰንበት ቀን ነበር,Literal ,1
ሰው የምታይበት ዓይን,Literal ,1
አግብታ ትቅር,Literal ,1
እሪያ ጥርስ,Idiom,0
ሀሳብ መስጫ,Literal ,1
ሰኔና ሰኞ,Idiom,0
አዎ እሱጋ ያመኛል,Literal ,1
በዓለም ዙሪያ,Literal ,1
ለሩስያ ልታቀርብ,Literal ,1
ምድር ተፋችው,Idiom,0
ጭራ አወጣ,Idiom,0
ባዶ እጅ,Literal ,1
አይጥ አፍ,Idiom,0
ነገሮች,Literal ,1
የሀገራችን ችግር,Literal ,1
የሰይጣን ስራ,Idiom,0
ለእግሩ የተጠየፈ ለቂጡ አተረፈ,Proverb,2
ዘቅዝቀው ቢቀብሩት ቀና ብሎ አደገ,Proverb,2
ብርድ ልብስ,Literal ,1
ሲጋራ አጭሰው,Literal ,1
ለወገቡ ዝናር የለውም,Idiom,0
አንጀቱ ራሰ,Idiom,0
አንስት መሬት,Idiom,0
ቋንቋ,Literal ,1
መቼም መች,Idiom,0
እበሳጫለሁ,Literal ,1
መሆኔን እወቁ,Literal ,1
ቤት መታ,Idiom,0
ልጁ ቀለጠ,Idiom,0
አንዱ በቃኝ,Idiom,0
ዘንጋዳ ከቆረጡት አገዳ ሚስት ከፈቷት እዳ,Proverb,2
ወለሉ ላይ,Literal ,1
ልበ ደንጊያ,Idiom,0
ውጦ ዝም,Idiom,0
ከመቸውም ጊዜ በላይ,Literal ,1
ዘመሚት,Literal ,1
ማውገዝ,Literal ,1
ቃናው ተለወጠ,Idiom,0
ጎን አጥንት,Literal ,1
የእህል ክፉ አጃ የሳር ክፋ ሙጃ የነገር ክፋ እንጃ,Proverb,2
እንደምን አረፈዳችሁ,Literal ,1
የክፋት ትራፊ,Literal ,1
የተገነዘች ነፍስ የተለጎመች ፈረስ,Proverb,2
የማይችል,Literal ,1
ሁሉ ያልፋል እስኪያልፍ ያለፋል,Proverb,2
ሙት ደረቅ አይበላም,Idiom,0
አጠቃቀም,Literal ,1
ወላጆቻችሁ እንዳይናፍቋችሁ እኛ አለንላችሁ,Literal ,1
ድሀ በህልሙ ቅቤ ባይጠጣ ኖሮ ንጣት ይገለው ነበር,Proverb,2
ግብር ይቀርባል,Literal ,1
አመራር በበኩላቸው,Literal ,1
አፈን ነጠበው,Idiom,0
መንገድ አይምታህ,Idiom,0
የወርቅ ሀብል,Literal ,1
አለቃ የሰጠው አጣሪ የሽጠው,Proverb,2
ይቅር ባይ,Idiom,0
እንባ ጠባቂ,Idiom,0
ቆዳው ሞኝ,Idiom,0
ላባ ቀረሽ,Idiom,0
ለሀገር ክብር,Literal ,1
አንጀቴ ቅቤ ጠጣ,Idiom,0
አፈርሳታ አወጣ,Idiom,0
ከንፈሩን ነከሰ,Idiom,0
ሴትና መሬት የማይችሉት የለም,Proverb,2
እንጀራ ያለወጥ ቤት ያለ ሴት,Proverb,2
ምንም ምላሳቸዉን,Literal ,1
አይዞን በርቱልን,Literal ,1
ጊዜ ወርቅ ነው,Proverb,2
የለማኝ ቅንጡ ይላል ወተት አምጡ,Proverb,2
ቂም በቀል ትሽራለህ,Literal ,1
ቀጭን አንጀት,Literal ,1
የገበያ ግርግር ለሌባ ይበጃል,Proverb,2
ድራሽ አባቱ ጠፋ,Idiom,0
መፈረም ይኖርባችኋል,Literal ,1
ጊዜ ውስጥ ተግባራዊ,Literal ,1
ላለፈ ክረምት ቤት አይሰራም,Proverb,2
በጥፊ ቀለጠ,Idiom,0
የኢትዮጵያ ቋንቋዎች,Literal ,1
እግር ጣለው,Idiom,0
አጉራ ዘለል,Idiom,0
ረባ,Idiom,0
እርፈ መስቀል,Idiom,0
አራዳውን ንገረኝ,Idiom,0
በእግር ተፈረስ አስፈለገ,Idiom,0
አፈ ቅቤ,Idiom,0
ወፍራም አንጀት,Literal ,1
ችግር የለውም,Literal ,1
አዲስ አስተሳሰብ,Literal ,1
ውርድ ንባብ,Idiom,0
ለምለም እንጀራ,Literal ,1
በርታ አይዞህ ወንድሜ,Literal ,1
ጥሎ ማንሳት,Idiom,0
የተዘጋጀ የኦንላይን ዌቢናር,Literal ,1
የኋላቀርነት ማሳያነት,Literal ,1
የተናጠ ወተት ቅቤ ይወጣዋል,Proverb,2
ፍዳውን በላ,Idiom,0
መንገድህን ጨርቅ ያድርግልህ,Idiom,0
ስጋው መጠጠ,Idiom,0
ካለው በረንዳ,Literal ,1
አቅመ አዳም አደረሰ,Idiom,0
ቀን እስኪያልፍ ያባቴ ባሪያ ይግዛኝ,Proverb,2
በሰው ቁስል እንጨት ስደድበት,Proverb,2
ተከድኖ ይብሰል,Idiom,0
በጎ አድራጎት,Literal ,1
አስር የሚመጥ አንድም አያገኝ,Proverb,2
ድንግልናዋ ጠፋ,Idiom,0
ፈራ ያለ አፍንጫ,Idiom,0
ትንሽም ሆነ ትልቅ,Literal ,1
የአፍ ወለምታ በቅቤ አይታሽም,Proverb,2
ረቂቅ ወንበዴ,Idiom,0
የልብ እውነት ሁሉ ይዘረዘራል,Literal ,1
እንዲያ ሲያስቡ,Literal ,1
ሁለተኛ ተሰራ,Idiom,0
ሁሉ አገርሽ,Idiom,0
ነቀዝ,Idiom,0
ጽህፈት በብራና ዘፈን በበገና,Proverb,2
ሀብቷ ቀና,Idiom,0
ሲያየኝ ሰውነቱ ፍርስ አለ,Idiom,0
ልቡ ተቀሰቀሰ,Idiom,0
ዋጋን የከፈለበትን ህይወት,Literal ,1
በብዙ ቋንቋዎች ተናገረ,Literal ,1
በፍቅር መውደቅ,Literal ,1
አለምን ናቀ,Idiom,0
በመግባት,Literal ,1
የተሳሳተ ግንዛቤ,Literal ,1
ተሞካከረ,Idiom,0
የቄስ ጠበቃ ዳዊት ይጠቅሳል,Proverb,2
ነቢይ ባገሩ አይከበርም,Proverb,2
አስተዳደር ትምህርት መምሪያ,Literal ,1
ዱላ ቀመሰ,Idiom,0
ጥጃ አሰረ,Idiom,0
ተግባራት መካከል,Literal ,1
የሚነሳው,Literal ,1
ስም አጠፋ,Idiom,0
ሆዴ ተቋጠረ,Idiom,0
የወላድ መካን ነች,Idiom,0
እጅግ አሳሳቢና ተለዋዋጭ,Literal ,1
ከረጢት መሳይ እቃ,Literal ,1
አፍ ሲከፈት ጭንቅላት ይታያል,Proverb,2
ባላባት,Idiom,0
እኔን ክንብል ያድርገኝ,Idiom,0
ከጥጋብ ይልቅ ጾም ይሻለኛል,Literal ,1
ዲሲፕሊን የሌለው ሕልም,Literal ,1
የአዞ እንባ,Idiom,0
ምርቱን ከግርድ ላይ,Proverb,2
የጤና እክል,Literal ,1
አስፈላጊ ነው,Literal ,1
ጥዑም ጊዜ ላይ ነበርን,Literal ,1
ኮሚሽነሩ ዘለቀ መኮንን,Literal ,1
ተመምሩ ደቀመዝሙሩ,Proverb,2
የልመና በሬ ትክክል አይሄድም,Proverb,2
ጅምር ሰላሙን,Literal ,1
ልባቸው ተራርቋል,Idiom,0
ከነመረቁ አቃመው,Idiom,0
የዉሻ አፍንጫ,Idiom,0
እርሙን አወጣ,Idiom,0
አዉጫጭኝ,Idiom,0
ትምህርት ቀሰመ,Idiom,0
ትበሳጫለች ብዬ ነበር,Literal ,1
ምን ቢያርሱ እንደጎመን አይጎርሱ,Proverb,2
የእምነቴ መግለጫ ነው,Literal ,1
ክረምቱ እስኪወጣ,Literal ,1
የሀገር ፍቅር,Literal ,1
አሞራው,Idiom,0
የሰውነት ክፍሎች,Literal ,1
ከልቡ አገለገለ,Idiom,0
አገር አዋይ,Idiom,0
ምድር ቤት,Literal ,1
የቃል ትዉፊቶች,Literal ,1
አፍ ሲያመልጥ ጸጉር ሲመለጥ አይታወቅም,Proverb,2
ለመስራት የሚያፍር መብላት አይደፍርም,Proverb,2
የስነልቦና ዝግጅት,Literal ,1
ትንሽ ስጋ እንደ መርፌ ትወጋ,Proverb,2
ረገብ አደረገ,Idiom,0
ጠጉር ሰራ,Idiom,0
ህመሙን የደበቀ መድሀኒት የለውም,Proverb,2
አሸን,Literal ,1
ምስጢር ቀበረ,Idiom,0
አምበሳሜ ወረዳ ማዕከል,Literal ,1
የትግራይ ጊዜያዊ አስተዳደር ፕሬዜዳንት,Literal ,1
አላፊ አግዳሚ,Idiom,0
ተለሳለሰ,Idiom,0
ሿ አለው,Idiom,0
ነገሩ ረቀቀ,Idiom,0
የጀርባ አጥንት,Idiom,0
ስምህን ቄስ ይጥራው,Idiom,0
ዝናቡ በነጩ ይዞታል,Idiom,0
በአጠቃላይ ይዘቱ,Literal ,1
ስራህ ብዙ,Idiom,0
ምላሱን አዳጠው,Idiom,0
ለሞኝ ከሳቁለት ለውሻ ከሮጡለት,Proverb,2
ወሬ መጁ,Idiom,0
ምንም መንገድ,Literal ,1
የወረቀት ላይ ነብር የተግባር ስንኩል,Proverb,2
እንኳን ከፎከረ ያድናል ከወረወረ,Proverb,2
ይቅር ለእግዜር,Idiom,0
ስልክ ደወለች,Literal ,1
ውድቅ አድርጎታል,Literal ,1
ነቢይ ነው,Literal ,1
ሆዴ እባክህ ብላልኝ,Idiom,0
ፍአሲካን ሊያገኙ ሁዳዴን ይመኙ,Proverb,2
ለምኖ ለማኝ ቆቤን ቀማኝ,Proverb,2
ነገሩን ረገጠ,Idiom,0
ተናገር በከንፈር ተቀመጥ በወንበር,Proverb,2
እናምናለንም,Literal ,1
ሙሉ እምነት,Literal ,1
ምን አለ,Literal ,1
እሩቅ አሳቢ ቅርብ አዳሪ,Proverb,2
ክፉ ነገር ረመጠብኝ,Idiom,0
ከልኩ አያልፍም,Idiom,0
እርጥብ ልጅ,Idiom,0
በዚህ ሁሉ,Literal ,1
ልበ ጥልቅ,Idiom,0
ሞቴን ሞት ወሰደው,Idiom,0
የመገናኘት ዕድል,Literal ,1
እፍ እፍ አለ,Idiom,0
እንዴት ሊሆን ነው,Literal ,1
ሀብተ ነፍስ,Idiom,0
ፈረሱም ይኸው ሚአዳዉም ይኸው,Proverb,2
አመስጋኝ አማሳኝ,Idiom,0
ገበታ ረጋጭ,Idiom,0
ውበት እንደ ተመልካቹ ነው,Proverb,2
የብረት አር,Idiom,0
አሁን ላይ,Literal ,1
አሞተ ቢስ,Idiom,0
የአየር ሁኔታ,Literal ,1
ፊቱን ነጨ,Idiom,0
ስለነፍስ,Idiom,0
ማከክ ግዴታው ሆነ,Literal ,1
ህቅ አለ,Idiom,0
ለቅሶና ምሬት,Literal ,1
ነገረ ፈጅ,Idiom,0
እግረ መንገድ,Idiom,0
